Drug_Concentration_mg_L,Absorption_Rate_percent
19.039735882944445,58.168668341991854
47.56035816729085,
36.733700119664555,74.63282873182986
30.13359496775331,74.65654281132649
8.222922701900607,
8.221728756642031,34.54237566273828
3.3751388023258735,26.39376143072005
,76.15516276889825
30.255193081288837,72.78238889169396
35.549592600904255,71.60839546683968
1.5189324676422211,-2.9674513898688364
48.51053768201872,82.76955309610017
41.705910719620874,80.83924591673815
11.01078597857467,45.439349503652466
9.50033587675148,42.92264471281925
9.578523237744974,45.400670438591774
15.559991026497118,49.14737400995899
26.475443365795773,67.73332332441683
21.88127842278473,70.07638873701656
14.915842439803075,49.470242874564576
30.786718288757783,74.65304108591037
7.404946102276071,28.97702066718092
,58.16162706689696
18.634911243037738,61.80627030752191
23.075464218743278,59.29541997131937
39.366210088954176,82.39311511028973
10.383852216838807,41.46779448308196
25.954604701473773,65.9179588891653
29.824521158671104,73.64280911806033
2.7992954296398875,21.794371583999585
30.573470169121197,67.98888640422254
8.94094412252093,41.1838117805998
3.7200538527713363,22.73647286930162
,
48.29878563719069,79.20333301570717
40.515668731764826,
15.578381574081849,52.85602457310905
5.334769643316002,28.222232659107288
34.369534812351766,69.52283953700622
22.287548440110264,
6.540892624816552,34.776494591756986
25.011257050507876,73.70259740461951
2.2022317952033106,1.1078764770486842
45.51135990289971,72.85306672628339
13.309609089200837,55.511164090191315
33.294853075522106,84.71166294166015
15.929698266425842,57.73553443149001
26.243367048301636,66.5582712696744
27.562158827492343,70.2652350343633
,49.90821872294869
48.49443907434565,75.11737796503083
38.86907475637517,72.43427180083164
47.00519760742736,75.72435752444125
44.79395384616862,73.01112889033736
30.096048951148713,73.41146714698188
46.13277463364428,86.12687429090185
4.880378851570015,27.474148837721746
10.201151689747688,43.365738948170836
2.7387508010716344,14.28163657366419
,50.990037434434925
19.73952583962936,67.9237277791153
13.931777072807847,53.365578487443884
41.522506703020504,76.21057676504145
18.15928967133267,77.25132161429424
14.406258229525347,56.22608788739675
27.3634561163333,67.27943253580679
7.475749136250751,33.878019852056184
40.20875054732496,82.53525846658698
4.190256862148656,23.3519251191317
49.35090336172561,71.26526167147398
38.72611608018454,80.98531580868531
10.336426235941534,41.66752200079502
0.7733447976183188,14.165900821660072
40.86534070851429,82.35737571752324
35.48943852045705,73.08538638225761
36.58585481802887,82.11992027320673
38.67788216095431,76.71448861758766
4.165210260837473,
18.244053562941495,63.835921743813145
6.235518446493921,
43.22361958084188,74.26255783966916
31.35325727796412,78.63702635409462
16.879452230206134,57.5942880352738
3.64613833915817,18.221815847173744
15.893624924925279,52.79130742897666
16.59657444032398,60.91164502433996
36.61550582773417,86.03761576377264
32.05909483208305,68.50712437957247
44.41703075752817,77.83083997251124
23.87463879551649,75.21432952577706
6.419915173945935,31.734453711101395
35.80561696753825,77.70069761230643
38.15885990653642,70.90956736058709
28.283221279690064,73.81565385156028
38.66287540775077,75.43513542164663
24.94288202003734,74.05224161716706
26.375275054408707,
21.663280408748207,
1.7582467738327119,13.395376066418688
5.8406256361685704,31.491112936350248
2.0557446914933455,13.103757458942328
32.00231535755713,135.35793972574214
16.06062106327817,59.557045499485405
,68.26469742545903
45.42454045934161,78.72940068409083
12.83996534286931,57.94726980309282
20.81395469026367,59.833795800929515
37.89978135788091,
11.825509191835312,55.523553836220415
4.310505536525254,22.742988240761026
14.842696919231518,44.99004842395959
8.480453719073218,36.36810523939659
46.52003379095736,84.5493600053028
40.50195878843864,76.75303901034407
31.853485947265963,68.74619524145693
43.63729921429203,75.03845531467637
40.28176780650617,81.01480857906117
9.735217914858774,46.017793625095486
44.6816704252539,76.5630599631258
27.197440974824712,
40.468287680621096,74.9001388966367
44.85651934621291,73.1768160042435
16.24117201110726,66.25893175717087
,28.677657295641986
11.782790545826114,54.91743530622582
21.641835536999686,73.44291654489648
40.99173091316341,81.97930191888098
43.106163871189,75.298417665965
0.8441304612939398,7.2427087851593654
25.781991477589504,69.70876663268857
,60.7633754878053
11.494336618301148,49.725825270305
6.433335683017299,26.28882645789404
17.211950984479582,65.7507565391169
47.1740303436697,75.83996788616312
,59.63248664426102
,71.56501772889668
35.299438465311304,73.955822156641
18.49966531777505,64.72196633790037
48.603213094687554,75.98700072674889
48.1411410996345,82.6563044149472
12.963223643355526,44.91041237894611
25.11380104167308,69.90319620607598
15.393476335930098,66.34577642284415
14.599604471684646,50.118492430910536
2.3259038940493735,10.194190443082615
30.673434532004894,75.69274994413476
25.382611649828643,70.39746322223615
3.048198186874473,19.065104235001815
14.292999979712267,56.9482768478779
45.45916135534936,
12.358313588015134,55.78265562714907
7.672296168515543,72.7883426553177
24.72791163373937,67.7286372539871
49.289697478474736,81.81194457728355
12.48173593981927,60.02602152781392
33.77070959659099,73.96929038810784
38.20017095877152,71.36135525518807
12.263058427623784,55.54186528633576
36.54670925628705,75.09949200565622
18.705265069603033,51.22224205160412
31.799138614382183,77.9525501838448
31.85972068266429,71.0691857005365
27.020846861700544,70.3366977498473
4.969343617693211,27.90261920357689
41.847473531667276,78.13956247089962
16.378613216100923,61.9678931495254
9.732666264792785,41.09919828118509
2.5183695069608136,17.163252007480637
29.74920068781797,71.29774694456923
34.03943591119298,
1.3210975319288796,11.100398220831126
25.84860638581441,65.20660624156486
11.71154087229793,
32.43605312526777,71.34782142778445
9.131138235747077,45.50649679100678
34.70141803607206,76.854029147557
19.643399641876602,72.57178469723763
46.86813444246836,77.00021677622645
7.307286735226666,
17.382784376987797,59.98928267184221
6.116939301409159,29.442374899765067
46.27233410478886,82.02535817498679
43.92829799235856,69.53687014361435
13.268110571900202,
33.169210278691864,69.0288435003963
40.952498909960184,81.72981640008352
27.982440174173384,80.0244139912369
26.71770362862232,
12.471688399572358,49.65880290917448
5.108587006392011,27.18848309856533
44.912180018689675,83.60808240351095
45.070693829584854,73.18966400027328
31.838522135026764,74.92705619395522
17.281974656910684,64.80112059753957
17.785873943326713,63.223765843424815
36.43480610407685,76.61065097153116
44.906957867652565,82.8030015156859
44.410778001123305,64.1924353038832
39.10383951995238,79.88602723002901
32.28056648463725,70.68250648096969
4.6649282672549175,15.764318333429737
8.500621347683381,42.028668184192476
44.97843233209042,84.67862009697454
30.518238453149703,72.35005583750753
0.9552540550231676,10.650234739872435
5.522841371868589,36.632539959090295
33.34333757084876,81.02034321556309
0.750548400387825,12.861965257438413
8.459998545166183,43.051371652027385
27.662322573646012,71.62728082017219
34.74881228578832,67.02661875021275
32.77208234537873,72.95573846123872
11.60133081829771,44.15964548533281
35.752871456703026,86.27426509187819
12.243829831091604,49.08085868089001
16.607285058883754,59.42783659809365
37.4513245533422,78.75892136380116
32.65682850283713,74.35020884080137
42.53655881946181,85.81319075663231
33.05183816886699,71.20147772387996
28.631275865105845,72.87578672877058
5.136901007490578,23.246150887637157
18.70193225144196,55.480700151016606
13.62751720024541,50.04925097873642
12.577487347264636,50.56633483378968
48.66402246024606,76.22295932986582
19.95833737100464,60.33224999266845
44.65630448126711,70.72157831770359
31.74136198686451,73.27079865320522
39.8431595253116,69.17424779577021
25.38053610870701,73.29809045768198
29.056742289004777,72.58591915418654
,61.780654641305155
10.164527896003202,42.97767110789398
36.26137970544451,71.84136589142643
14.398231940822361,56.3119662342487
1.7036403383569652,16.895174302256066
32.45087864740481,64.65885557616893
,42.4578267019559
47.052699925469256,
47.71946456162807,81.59818579224836
45.7857873159122,79.01326743867149
,58.49347821296407
1.2651025181789377,6.105142137328583
46.45176884809241,74.07365831199158
21.69511534170706,71.2766144776593
48.349413542661644,78.43446956381551
48.19918886591802,87.8136483942183
42.72396804563432,77.07424541773041
15.075220157444491,52.50699142321021
19.5623375657953,
42.63126524008442,68.34233012741886
16.187639255235744,50.16773524405186
8.889890960961578,42.05092430989836
28.06166249168833,74.0688540899937
46.839661320958655,70.20730034481592
34.953474935411165,79.59224599227707
28.718027919423566,69.54344588845053
5.310236441653043,28.42291037721406
30.942857721608902,81.33094920228476
49.50766558016103,82.96008238021045
,
26.157317792004967,65.67461765379484
43.929967060433796,66.85966415902745
37.16804657883312,72.31407823314625
35.00227917926576,74.08043073599868
35.27296215736191,70.3043784655502
18.29481198537788,60.83129854002752
15.03279629109242,56.35185913916031
40.56337719618642,75.75845370638743
40.60061303661945,73.64199281696285
43.42007976971513,78.36287232897152
45.70540735154533,80.14374523710845
25.81144874361642,64.40168809282616
25.32505658701638,76.50575642776074
40.01561135885537,76.25015313989832
32.67321457349937,74.23413170346662
35.247360424256314,78.77158965308082
39.891737137087,77.87673826510844
44.55526441996953,82.50061358284721
17.230760264151023,
19.09135615567723,59.56827234936592
5.152106022123015,28.83050195516971
29.12486697931061,66.49762636477027
2.2791425529387332,13.876788355059828
23.54710189755678,67.67255364468777
27.36090941802504,69.99597751210362
14.683791980350078,54.644464296852426
29.746246398166033,118.70105128888015
2.009762371982947,9.138092804741182
2.3487353430861138,14.16834094257739
41.21872775265308,77.84123744124018
18.329436749857514,
6.789495376268297,39.855748063736414
26.351041372712817,65.951480567581
38.614680878381236,81.20412335225159
,49.43596239557724
31.33307855304051,70.24556366235865
4.724699517191516,
3.058245197846081,11.394135535134033
26.802054262623326,75.22249831693385
27.261438519700274,75.96786073157186
32.052780124161224,70.48857765111504
36.44152101927175,
48.80467793339546,77.13748247128267
26.056867240909167,71.4944162941264
16.486345410591674,59.90742749507036
39.86171664105083,76.03120459236725
13.906196437472675,57.75504125984228
22.229085324928988,70.45380004941113
4.383590876442165,14.921024530438624
,17.000087650958207
48.15109652655729,69.98871153147685
41.88101596535419,82.35733319268836
34.95072320163805,80.74950506240863
,59.325736725975645
9.078068843506866,39.248191393070314
8.243633612218758,33.10230548798955
12.88702345914747,50.39229653012521
27.686719902952962,69.7270024600504
35.872498173653085,
33.1797701475277,80.92415780408402
14.35672789882417,61.61042246513627
47.765831392828105,75.43715613405953
37.02589737644054,74.81695700030765
27.940525599314334,63.02551017794575
,69.15233394678667
21.2702030901756,70.2331781018542
12.762683980307294,59.25957624377198
18.12064759323745,55.05609740543837
38.01338246798627,73.21498230520311
1.2124776871729155,7.263361123530383
6.245595705092354,32.86125342946542
2.777130780076761,11.889674399579757
2.5160757147890216,16.706025599214968
,75.03368434708561
35.33106403931117,75.19008732213379
23.971604539822597,70.97619096323703
5.342790952224573,27.857116277888373
,66.8473739859361
23.936852653638002,67.66399391799548
9.073492560545752,40.84627809953059
21.975656637279666,64.35952546430019
20.225984352669986,62.84367746350861
30.984579853584716,81.28550817552116
31.93713571794837,76.58903753961421
2.7425484837162037,14.282811279143306
19.043324424010326,66.04835971945117
31.480065827854702,71.8838608898169
25.405244799714342,75.38417295109535
42.896247138821956,79.26165598924585
33.105334765137776,73.80249325168786
8.565254140530769,41.92025063040515
3.9931529963212773,
32.29975427121262,68.32832289162711
1.8123098718102797,4.827538934355396
29.495891273036435,137.43887362854653
47.0413969505354,86.80603436934223
,83.28578588327218
,
32.342766812896485,76.48712313309231
23.183518079330074,58.47448818760068
27.50803107113878,68.42807165870911
47.102508034437996,74.21359487850822
19.612080571138325,60.234936447903365
48.07893290928375,77.45061652548057
45.31485677682515,75.50802124495536
10.191661172070173,34.70414094712942
3.93338439332069,25.337215620838293
5.4885110681826195,23.065993956044636
1.4019803697517115,9.684024267463741
5.1749265574184555,37.49002655462006
34.30883528410966,70.26170585426875
4.023838098781335,9.36731793206273
16.289293699541183,56.835864046320225
42.321327892988,82.79650014811003
1.6519608189233803,19.69545421668218
40.81618988815232,70.79739911939743
14.451811351283297,57.307733605076265
6.349158967271984,29.53438716205637
34.98848968552546,74.60097152050665
31.63267091560426,86.85290468127076
43.93486466958912,70.10482233894915
36.88601666829235,77.08521050462932
40.272306054050006,79.14776004572079
14.460711342279671,60.27108785854072
9.28325741709628,42.4222200400048
37.65543020622249,
40.43831959372957,74.89314722092801
49.53000452903333,79.82424184344589
20.92457500711561,63.28388212666024
18.914895246742766,65.49137614849855
38.93244155672885,74.60023074581305
17.369775242524383,61.95114716653605
46.57248761737645,77.92617860931944
42.99143121622908,83.06331739051487
21.73520435506341,65.68476909226352
37.66811785567912,
37.84987226719178,82.43657863889997
5.604631507378664,24.377898452326217
45.17636888063855,74.57589589610225
25.50999243616893,66.62770887969155
41.409644572333214,157.7289018912266
16.34245525101528,47.679751348962505
44.828399810561926,93.47262991325978
19.765483097341075,68.82267400144917
1.0364637482747687,7.481998761056372
45.31640783275355,77.59426860321727
5.018690500913611,27.882289926343603
16.30602506072554,60.900569142853875
47.52806736901484,
47.55505377340903,80.99622545975197
28.885175462102662,72.51346483743752
31.775942002405063,72.71707643205396
22.69805333792683,66.22759456331141
,54.95676491499099
16.76889499581084,64.75283754395497
33.7896635758134,77.6083754646257
37.74253920716516,61.39162844917589
39.6831626644295,79.93481519420433
39.586098068330415,77.60291911636865
5.014702100910173,26.343888180332904
24.973805082777783,67.20787266808654
3.349158620823892,24.423822077212265
27.70167967502491,76.01525122719538
22.35575981798216,62.758223255093604
44.44135704653584,79.74945686751617
17.870293121327894,55.989792242759385
6.29481731316649,24.75311657065671
,33.23490483719755
38.19477627001488,80.5443434786217
31.101794134154922,78.12050287950075
5.5055724680781175,31.06547707822822
4.663286902692373,
35.19797200722644,77.79252712003186
4.1017688150275795,19.171704679695612
41.182072934872636,79.19288134761554
35.458990244246564,79.31263462415086
4.526764641774038,28.07673027599223
4.699466847217,31.014037354779486
49.338659135808186,81.99665828985239
19.026404389927954,64.29721077831111
18.8467862798111,67.63801867324722
40.73357857924638,76.79228470206507
47.388804580501,73.78497379980091
49.307052659232106,77.63589308259866
37.79222017031761,72.3845535953578
19.12484948378033,59.30104664895924
4.633285476584104,24.0552756630124
38.96877233840812,72.4964907680055
28.14101036192235,70.03904734369638
21.498989457725326,56.20547668045825
45.36454206218943,78.94339829204914
6.004275374154491,30.52028453245951
24.884942662397528,64.98761769593125
1.0620054159872439,9.812338130981644
23.69870177870925,72.67315558665176
3.287012146250949,10.460448631276934
6.38148685526956,28.17165343321132
6.317549215466691,27.89334054857239
32.635909954745145,69.42285320808193
37.429221523638454,80.1417921116497
29.3767538723094,71.40240675192463
48.12754114948982,76.97539292314644
19.056093686423353,52.56207879005092
14.642748270952106,58.382964083605515
43.495656845378285,71.3382586656911
11.567994006712906,48.591089257911385
48.17951570231026,79.69191411870746
1.101646497145909,13.55207211090056
48.50900192202813,
2.6364156415535174,0.1148938803992916
44.61158412805452,78.66436062546619
26.621204899771843,79.49268556472812
49.651757407905365,84.68808568367932
4.152929954402244,23.662763784240326
27.915787077865378,
48.4804755131454,82.38096449301943
26.393343286422365,65.44745422628895
31.655232587695494,76.02446170902581
34.93956010473855,77.63896656230024
22.999782706004776,72.59543458255364
31.56412496416114,87.39446770559317
29.42355844019346,74.36212762328108
45.10732151930395,75.28797124925065
2.7495958269021648,15.668548686825453
14.407677884815401,45.88981336943524
47.54536846178966,74.74325635866266
,75.6908351784414
23.055009262892792,64.72995422149008
31.19656359117607,74.16684188463957
14.230368557566068,50.262164566894235
9.811997406326185,49.11411000986516
23.453071044529118,67.7479110032549
17.990935287289613,60.985527549473645
29.390977536618166,70.74073930167206
4.347864529766749,24.278392237739393
48.73254297947524,82.50387530159122
49.317431851740345,74.11686229030518
35.059004843977384,
27.036770134033958,69.2824596245236
15.821617006173224,50.70796402256881
40.78285347549396,72.84069989270888
,72.51251331876898
,44.0028897429984
45.5908956324452,79.22783556620371
41.215593524696864,78.0091632502314
47.51509570795024,82.46698805470633
36.42311566522382,74.971825694002
30.864052198821597,
,64.81419022437521
46.670059926023654,79.41429156260868
,74.59588069537985
2.7383241702563756,6.6586861569274705
1.8051652376139742,10.086202533315848
19.134936660463456,69.80465232834368
40.622389873700726,81.5284926013313
49.37016840108975,83.2860157674659
7.945636109624645,43.813399889808124
29.909470409930687,73.13309987984711
19.354097403235563,63.978323061080175
48.51076269182286,75.26109635028037
42.18488669521758,75.68161389192093
41.997270883201324,80.29942826893817
23.70031140985103,
21.033565365714427,64.43283338112684
14.03365006056996,51.71684335321238
3.290587084220892,18.518474428322023
43.303757624625135,80.50244293625697
40.73859995193884,69.70685197102893
49.986024827663464,67.05220503618135
49.83352343515832,75.7624197173069
,65.37557952540918
38.56487705143527,73.80159193051529
47.26590362918019,77.43760458196381
42.557545838531865,75.07615926318272
12.743731036288285,58.40027126783073
22.801934697849628,68.72540648036856
6.893391049999002,35.414245597697445
47.725525849306756,81.35337363253124
30.505644405318563,67.33611419887296
11.817818872421405,
33.74918387808991,74.24438651017813
31.097347902665845,76.70491665822294
18.229054542625605,56.03065427135787
6.121100813881636,23.20580428676935
33.74287318184358,78.70994104353262
26.255231194737767,72.08963231040276
38.729760390914144,
26.24809330504367,123.71550665295663
42.682984265767736,82.99611106316978
27.819388519337036,65.41231004917361
28.26642959100162,79.87629116720845
43.89435333158808,73.10884337796551
20.472401877513654,67.63925609011996
7.133753808306716,33.146544642142985
1.924742477510279,14.432762552259398
37.87929415584414,
31.2053227919965,72.59572268236538
35.35194852091157,75.47485341611575
11.041725994691081,41.91701138804431
7.250388041545103,38.913642868780485
1.2199609505601554,4.8727746216310726
17.85408416092655,59.68022560773961
29.700925499304336,67.59508180186727
19.916080232436748,50.92780955718204
22.15500864017459,65.45089619781892
45.25585537744055,89.92146641876698
17.73864561765337,64.56832722222923
25.942479713410634,69.86318460908932
39.29082413068658,75.23421226382074
20.12886772490287,64.12626747857956
31.29329166127974,76.19149936219816
43.18700358296389,
47.501270871053286,157.39665789117714
7.7801373059873775,40.64498464573101
46.366087445493974,81.63133006247236
24.85975650743714,71.24340074325816
13.283097220798439,
23.227219933793936,70.88777916718263
49.011612476631115,81.37325699161889
24.884595652647047,67.30255395200236
16.773204709231656,56.22318831385623
31.853342288677926,74.25191596571115
12.387208129520557,
4.255234741378864,16.88667978310741
6.879546234577137,
6.838269028409735,34.531991576595644
8.01918332885857,38.13573236949939
7.371945046145802,36.50968617523476
32.223299867759124,75.14488350304468
9.503064177757668,41.47984472563473
17.610530524531228,67.8952326486076
44.89102629034758,69.79044257258123
23.96110119301218,64.09240290743058
33.54410805679085,74.01799455892002
9.029833624480677,32.93670278607689
10.018306431029202,43.22701622041766
2.5229965051907035,22.92927866272467
8.862285622072145,40.732870210756886
14.290221782081952,55.65017809310301
9.262018971698968,35.566745573469355
4.890775420974252,22.821957369564483
6.47147561947974,30.453717018535247
23.308549017619924,66.01581035630625
10.713519061086728,52.456309037489845
18.531358121879734,64.62306803531513
25.419154907315416,63.97291733911715
34.67454401715358,143.22655528441211
2.445950922134397,16.708824811879797
40.07081474599761,82.45819066047794
31.581069279799934,81.50754574772603
4.547072081469159,19.32021059353307
43.74214189328547,73.5284026094306
46.083183826324756,71.7076562562348
3.5233590128157557,18.480083799745724
14.205443583286584,56.654907458441045
40.40696334975654,81.7801544397486
37.53885467399109,75.64964073658304
9.633790458140677,41.38575638257345
10.86279150516716,47.20991551658633
18.83836908817341,58.09962163971017
24.483887766955554,
31.10361119074965,65.31753841189563
18.761225158703734,63.08931278457182
,77.80831153210781
37.49981143762095,76.05097366992213
2.315818543084596,
12.995628745029027,49.9265083406524
35.81080450128535,74.53877272380413
44.81273846551637,84.64535129369256
25.828033384725472,58.80782683839371
26.839617520633126,78.32202092799508
5.805014561318915,22.59930486311675
22.646912157761005,65.59733780325227
26.864554689523647,68.52725505779154
12.502289929919119,53.51780203741366
13.827539931994357,45.5443693799818
19.175566073678823,65.05794429199523
1.4935242899974552,19.131145642969457
16.442918696367325,
10.96667634632896,47.677318559066286
,55.67717681409892
,34.29390967375653
44.5811003966248,77.83534608831664
29.882826450925407,69.46677897348098
,
39.56397631106324,85.64500803596208
25.172888846988336,68.36737450816851
,29.119409035510536
27.086773820018117,64.3714498284533
29.548635342033517,67.69353298196322
37.399253972124335,78.3468347720244
21.86714753836913,73.50992878237398
6.815224988380406,66.50550973804184
14.546907337036862,53.449749750526976
18.472573671732437,61.745441187296905
32.472903445914255,67.79318073097745
28.75352608111114,75.00413134808399
18.12678793194339,65.64872620471127
49.33250481525249,76.19392659685239
30.485853558165914,
12.242726190931727,51.287026531596595
5.538232394709985,26.45083443050064
8.066527389624436,37.709854711090316
12.674907555033153,61.47719323400491
8.453727976348006,38.08520403822128
9.735067690539635,41.49198377195456
14.61221085034543,51.907518963217704
9.081992967090363,45.03536915991692
44.889888519008046,
4.471570410251289,20.811942486053056
26.463313783727607,76.9757660434643
20.814642935988246,71.96535687181606
,75.42673299393734
6.045925657318591,21.346170615226782
20.19385215276421,69.13439841691473
48.48878644713076,74.92330214933793
43.342602731752024,81.45730529131289
40.94506751198936,67.12596236830804
13.266189938724521,56.782396856896064
8.958935575808258,34.87582503355837
33.59783938625933,78.21153301388576
46.5041114618155,78.13328548368096
28.059763204189526,
28.79482812876004,69.97282368589397
14.358965136184066,58.06813562805878
38.58990019300088,76.87908004602039
9.758665553597407,46.27499817571611
16.522122202010063,68.54916689231348
,57.92107446009679
25.626713744880522,77.78868245123822
12.499281754546471,51.08973328780514
6.184422824590575,26.728400854638252
30.72569210086081,66.50033169963375
14.78721238539266,54.54517141504046
29.27129196041931,76.91515475530005
8.140954406073014,37.65186340760789
24.316435041813467,76.12039724593768
26.8631769113035,63.41657066196808
3.065265072710132,32.57010147816324
17.16191177059907,53.469416511669195
7.153526508479225,36.679254378602494
3.6370610384020035,
49.50303150330229,76.37151169874186
16.456515326248788,45.53363283076831
40.58878506980442,77.88380416297345
13.10471241080631,54.143199821145366
34.2343847500845,76.84938898559963
38.131279064539484,82.39209969624909
29.98411766008829,67.37806827237749
23.84302133323284,71.52430415452956
,70.91616984098881
17.768979193878266,51.799278688149755
46.51169264026738,79.66135435205771
41.61566068549259,74.6135122285059
48.26883207799237,77.9094839877969
6.652712562534464,34.75426441953414
36.677940022580394,73.31014764927059
46.94785261264137,74.75097335071433
9.471036775200178,42.670658599240994
3.791565234655486,15.495055974917976
37.18547213985792,132.41877056638913
28.93641910240564,75.49488842583426
42.17052444953447,71.51486025689066
7.41873264300133,39.140258699525475
39.86573193706457,79.01676374922374
10.480552342363355,69.09712402344387
8.600969171852373,36.40887596972948
8.631156997584151,45.864221120084366
40.821448651453416,72.04060434552991
33.42726242446191,72.16091575883841
26.391738526071407,72.62424626671596
18.262108964113374,65.35603955409182
43.92142677024886,76.35941924823024
19.926032817420452,60.76486846321277
40.92167225384306,84.08266658667016
,75.18960082841969
19.158749256532925,67.61814446021775
23.402649390645518,
15.418204771125033,52.65594763940066
37.50666431872443,
25.384659309577717,72.1138448051854
11.994528409767456,51.44714908039669
45.02894137709114,84.82715034593039
19.502615457973963,66.4448818518586
27.405866625142437,63.553340078259126
45.37036949274508,83.13765737667707
31.399780797742608,68.52111386421555
6.286453015064022,29.698987911114912
47.02169011886702,79.39153117205592
31.571548627035185,83.57830702231668
17.077827925525764,75.14417586541815
7.393967596837669,38.75467272990741
39.80424686887965,75.77157092007569
31.19360141846142,76.0760327553619
26.906324052827916,75.14286731053087
44.747682861022405,76.16619258552831
39.53556195561427,85.59163972161286
8.007906546771183,38.9936334339552
15.930242355879637,60.12125495170812
12.800212420816054,54.597674219159614
37.32534148234751,78.06892425004277
2.1598555194210793,16.889455827446362
28.70953940113017,
38.241704944164184,73.45498559584988
43.899899019706595,72.11223512311028
17.43304656143742,62.36379824636836
41.15223658126464,80.92086136814176
5.9762709792827575,32.69213174215516
42.39938844085865,85.68102433862985
6.81068878543313,33.57795535722746
20.165720882738178,67.40470783297896
39.966120606087905,71.27166892053299
7.920912653764302,35.61336764931294
11.847944064015753,52.47136708624557
36.25150213545678,79.84418189233142
36.14180855903068,74.09004283361882
32.23680782782222,73.57368245003974
34.85044800112145,67.48727338197082
27.364859945706012,69.25424817169284
12.964053415894162,56.09410910260158
17.61195167844401,63.32416355885823
9.489086981670571,45.05733680906668
45.468302786014604,146.80340657318013
29.37789384092296,72.40754890383813
20.342145129800173,60.98277584171949
23.36928728038457,71.15861289026134
47.39052531078486,80.29946032411506
8.09089445424597,40.58232670560107
29.518376684831463,69.82730460852719
25.541489604781066,58.86545826816908
30.76698465401507,
1.3964540991316052,6.061980011135283
43.670133492735495,73.25484582932351
46.639854982938814,81.5502473820439
28.474092587665844,69.84022319360162
34.984215781906165,80.42873005864163
46.16371936827613,
35.50831239851323,78.74690051308595
8.050682624255938,31.157518452459243
29.026273828257253,78.21434067298402
30.532394795951365,74.35143191465558
21.494468229468108,63.821981529709994
36.95398966342378,76.55614192844001
46.75116723106623,130.03713287055922
46.31564138888543,80.07574119048645
22.816548884504538,61.959907862569594
6.105283269117385,24.14917050109112
49.24963934863556,70.83230199887095
42.02545527907374,82.79027425391783
6.670802719561709,29.937511860558324
46.08167318955993,85.66394184554557
43.55986992207535,74.86817597676617
26.18248382774057,61.61363894098882
29.768134069373996,125.91424931264808
20.25063384157145,70.34796494609557
3.210701121690551,17.34214771843495
17.092263461472097,56.876698051559195
40.241245705601564,145.78536754108737
0.7292851387278415,7.042792944497656
17.008208998711638,65.06761183559901
20.209350332751693,71.35903151408147
27.101082345427184,69.04945317754907
46.032853012431644,71.35721998413052
17.644126721115082,58.43107451618059
17.67418349386327,61.846638934469006
37.006311781432544,71.03778471268069
22.884788074045453,62.39120496539186
11.617938735529107,50.13680683295892
22.895756048568323,66.94494426973144
7.472422508800093,36.162084133728996
9.231155832058054,37.98082547595141
25.169204750604248,68.16674229806338
21.23680975047512,
45.78487210287095,82.39812605383032
18.43849800627334,66.87540971633918
29.23912333876315,63.05614128444893
31.797082252016754,69.06685354576824
1.148175601122515,-0.46170889539080484
33.34509991482717,71.19643429737893
9.312780360052695,41.60491796411607
48.07298071473803,71.04229570194211
7.858805023779091,32.7281190846364
21.023894124487676,60.0987685888669
4.724808569892871,26.217057075308585
49.845275466374396,78.86322103746248
,65.87072113522672
29.971558357342168,73.61013622422628
3.8202856307271604,18.33344760016039
37.6230432847593,74.69777282063065
10.890326858231495,54.89220707763387
44.95368732731533,84.50829366004254
10.654412203859355,39.38926045510296
9.939042172851495,48.026620085110004
2.3092085584806963,17.551130359763192
23.86731378294496,62.40496604942535
28.459636096499512,75.88468599916143
3.752577651703442,28.436421934156503
38.888617026403026,70.82308435246227
22.937797320027368,62.643709470127746
26.45731833171521,75.4529328504255
22.317755973442292,67.93935488374423
20.337771513328637,67.03626322617832
28.202196399756787,73.32292087325403
8.18439217357027,40.387781564265865
9.50544245951592,35.97061128775325
43.1583882401691,82.70371212924316
47.33271537561482,84.03417660196139
18.978811155847772,61.326410958138965
13.901861320605912,53.47449282409734
32.37797739033128,66.3442886393869
20.73234146935577,67.33865170657492
1.7566246051870706,13.348477203930635
8.229553569626422,38.27324911591543
35.94062532794618,81.10960393919153
33.11673512455249,72.67377845427615
1.8412516289224328,13.78023638130185
11.487622015680998,42.988569063915904
11.938202431109534,49.09899757852335
33.758690808137054,73.75552444152876
1.4756716188410257,10.034675234497957
5.653374808236405,27.257774391672175
40.09584622597287,76.10656926750659
9.337960771689513,46.22877058265545
32.8109323386678,72.02027141505394
,42.03826678318825
5.422348941587585,36.903944935688656
12.537023454472978,57.56395520863245
36.252213126855125,69.13760820051358
42.85697517126115,80.85384494739066
41.595883296066084,74.61500003317951
20.160584716113515,65.37188505700087
33.570214260246985,76.01679225294623
10.646722623083138,
15.010812647920156,52.00646863160392
44.868623016795425,74.33830165502485
1.1435952137814338,2.413231112577562
4.73267227729617,21.05608516369677
10.790369629728353,45.9202961470023
1.813344091754076,7.224089460194567
9.481054036944967,45.94019667025059
29.360557267999763,79.7978774007846
21.36051525432865,62.61369397753523
44.687249698310254,78.95574356151597
40.96345630605283,79.47935164710542
17.419958909044862,62.505526438891685
13.341459954848977,52.86536714152925
,66.6242460428741
,74.98916980322326
13.769150220732374,47.2227671077535
31.395370938532135,77.85490781990217
20.7658767834664,69.24464380430214
27.826335452173023,67.5477397288501
22.088263192198177,66.5229432264297
15.076055097324925,
47.44843869462676,
38.29848681090816,81.6283964211892
7.435602200439401,47.68765746184367
43.48916480694668,73.60333968085357
24.627844313350927,61.940766815811266
44.780335231257524,79.29444249683401
40.0928351693921,80.37096515895257
21.548068471227054,64.57535810470935
1.6122307618458112,16.94687147534747
13.799529289554831,46.78259149320053
27.31089362571291,74.46521798793883
31.85717188139429,70.71524714488609
13.265440428943513,60.91463989684904
7.398125666604795,45.69836094513019
41.829046721565305,137.79772635565553
49.22790794482583,75.69360494286184
26.52166402398295,74.71203709639883
8.998124649491023,39.1183237170098
13.979212662708763,53.6271163029636
1.4103384890996034,8.662532673822646
45.757790924744704,68.34431587358208
6.328678603061986,31.71281362730146
29.03756553795555,68.71306569531278
14.065733424016697,51.568905960623916
27.931811124531773,78.65489328715199
32.74530922341728,67.89105047969849
41.57221928350648,81.19046117726346
10.717852952149858,44.665044880714404
1.0442935185947837,5.013112012884614
7.27583868840596,39.2524835781116
45.050922771481204,79.52324552097653
43.757558839344505,
30.07194855743026,77.62514001523516
30.225584591465843,71.21582033988105
33.41931539003965,71.41824473950673
9.180878291860754,36.19348433661519
45.76339132328551,73.81655054243379
21.22914098215762,80.10638200987053
19.465357148350122,69.36585742575576
26.18642641150046,63.398163028819255
2.824815355365225,
8.731026753425931,42.62216047218945
37.03266401310534,
4.59853406229376,27.368550816401957
,134.64526337858635
12.644780929225387,50.28128324513699
19.77013289507784,65.18790840305574
,55.92637000796473
18.105799465014982,50.109028139208675
36.092772306620155,74.39342705236956
,52.04416245242823
28.53702969469641,72.71752502709406
24.064494908855433,83.25809677248004
33.35172268545108,76.28690385340457
46.87307209657552,76.55064170264517
36.76231881190739,151.0126298747166
11.13954874024246,49.59919392531471
2.0435651855335912,14.166148119885527
13.482070192841341,55.82761410632417
29.956357569662615,82.99989870347204
3.0455777674703923,11.644368666630479
25.0701292364612,71.60190979583523
30.043721021386016,68.13599794780735
17.04507259543956,62.31860530427109
38.660154085418185,71.77663401774291
5.776613530121704,27.5178843008818
4.219320195922534,21.442996325230666
36.54534343207837,80.58001170569312
25.026820152206824,73.78865481966794
34.57591862317293,68.738730604363
22.02395326088544,66.5374308222017
12.696900645335788,47.48170176993802
41.04556472487289,70.70816786265655
40.07108600896447,75.67243058178325
34.887475307294125,73.54879048869824
13.971184292883153,65.97095676061285
29.71641801001981,
18.368207898531328,54.707876231145065
5.033312629668391,23.693248823413676
45.90702198538102,
,45.73097690087485
47.53674901412972,70.2856754281361
22.57728576141881,57.45797637919431
9.664079977511673,52.42940463200662
27.324096895228728,72.95819643517508
,73.23516151528032
36.74513187727328,78.44223972689883
40.42477681914176,63.669238241184175
33.10977665218051,74.35789278771053
34.7676899436337,76.68304403566663
42.5351847524833,81.95899360769553
12.858566438529705,46.33239056687959
24.726535700335454,69.36214328261279
11.44986737007031,43.363232464048544
49.389566395834024,79.73833660915834
,73.69466655452476
2.451627162741042,12.207076777965836
35.42597103952658,70.31910639391927
46.29979171207546,81.2856619917574
9.43847958380301,46.69435294401027
28.61328891235516,70.71798662667108
45.816670730608074,78.14353960194295
2.1803259399970427,5.561927386604228
35.02230322871858,73.64548407951466
,56.07149265178874
46.25761167113826,91.12728736995592
48.5673831356857,72.79698060695017
47.24119121111498,
23.973603724544457,73.23094351035301
43.17111122397102,78.87288236664388
42.30519522748598,86.08130677224801
16.295473425541154,60.137154733145806
41.53131597045853,79.060806199654
2.3318779184168847,13.349046629279872
30.015358984861624,78.86932002102257
11.885437445741301,54.56888767605618
6.468060845975301,29.188288041248086
4.309183480645853,16.731101265524686
34.966294405967915,74.10715641009718
17.323810706519275,55.992015568709476
36.37595519067369,75.3246517468027
3.7351388695476473,26.851230981786976
16.10687172261521,55.65986872282531
27.204818972579194,70.70981456983769
39.6407966595287,76.9340696654964
16.27824889513746,62.4888271563171
31.48162313363195,62.31931481986084
44.35589853769126,74.66501310064442
30.985227815024075,74.34903848329347
12.031494000304871,55.44604326532634
1.707838687048632,7.756851854021093
43.56989425809603,68.16638600201304
1.5528358370941633,12.444200917148919
43.79773279786787,74.416604786924
26.682388134346994,64.58823020035764
46.98385107638836,75.01316581930521
40.03977017079644,75.82675557286662
49.8977384714002,75.49898929396369
17.860234864859653,49.804828630932896
38.47582030209078,80.80147137121436
20.395580223657486,70.72579460022934
24.253843205043488,71.76482804713197
31.56152042930932,67.90640469950047
43.74701715222377,76.57617511282285
49.21213172536511,78.40681568730066
38.52953398629365,79.32590826572896
21.17945571728302,68.64430876496542
21.357171612714975,61.839215782153424
37.01032392865013,76.26788683348339
12.319468715530965,52.42791453350206
5.9684686000040355,37.65141155684729
18.05379680321844,64.6497108375026
14.718330086877046,59.30062384195332
15.167251962571509,56.64385094686939
12.063583676970541,56.57628195374315
2.583612886999913,16.987012920444016
1.3847597693039835,
49.39225829193356,85.47859898200556
21.674770119925185,69.3631214776562
19.524169034404242,61.00636702468573
34.14254049330696,72.39230831756196
11.303567449320676,49.096391670476386
47.523078605536156,80.52956341124148
39.42407821356983,77.57172466721082
4.925844614456846,27.611863987612246
21.170248401353955,
44.016356224327154,82.99285738547007
47.26423510342481,79.12944071241775
23.636374806868552,72.63180103546486
30.86386376593003,68.06456055259041
8.768180331557724,42.320548695591924
49.56284699378034,87.52913094254717
11.967749218480447,48.199206598031765
47.16522281968872,73.92358995805081
32.65750912512224,70.87207165789577
30.582971346503527,67.62509728680092
25.878081295317173,65.98381603649416
11.918155680029056,47.314809913145645
9.238137584272659,34.766812238521936
11.41406734897368,47.97664018343006
9.7286939761406,47.77634408246519
39.08943144155429,71.95382928089441
17.83120032875314,
3.36321248988812,21.425984335272148
48.470580191970164,83.49694405709663
44.24740130568957,74.38927847468588
,82.32204451835419
49.747937220998544,73.04523264684502
9.107814836364621,45.84547906275057
20.11397993568161,64.85408360087564
38.03280454735252,78.94949466595139
34.953020593662714,69.23890390846417
8.117847363822825,33.73708418673383
40.88373968703558,79.94775203363419
11.609808305914703,43.65557861751667
11.578971933719842,50.63529289509396
27.080233933223973,63.99733075889742
29.850526774664306,76.89613046156762
29.21426728797165,66.10911174566004
5.028598451188866,29.25844450095629
43.934312700203826,80.74772353746704
13.64720210814095,49.66655318461828
6.910988603498806,36.88684404648709
44.49302995351437,79.0258363782235
47.804749162372794,
43.175317054639805,72.42777814155251
40.57104569888146,67.07151695183452
32.93447804163158,76.0093454329948
27.767439845152396,
4.805844615614802,26.011678956185747
20.718434046999587,63.433179693911164
18.948081592109542,65.8259386820384
13.357812296136148,51.011333772076874
36.30929562758495,73.97173488892797
25.045848886399156,72.87216994273668
4.511787687428573,25.91379278936049
11.39906849651566,49.44078638607876
34.321308801149996,77.21009468078006
4.268477544769859,15.464622697658237
42.63474224541405,81.14270669835054
25.00975308719173,72.24396561202265
24.289035577669075,63.45611360303765
29.82418534064612,71.41936303023493
41.321707813294886,76.8696885033428
17.716555791158555,
34.061799551673644,76.42530977210876
28.503732217791658,78.97654018760107
13.717899373386356,58.71067268713227
43.99218432458032,71.0694681831495
39.972588069542944,79.84221461394368
33.093365815592065,80.97824747938549
42.60379559016497,79.28625880544547
43.43106294751022,82.97667955271407
35.563967347394225,85.41115679753082
41.932159754001766,82.32460474566116
35.02483735262954,76.39139468132709
34.16696820213487,80.02538749497252
31.121263221651624,74.08965871959127
37.75947365810324,76.2183755132575
8.350952712007148,37.22741349512766
44.103102580346956,85.46856303242132
43.65625462338898,
1.9477405102106777,19.20473026103337
41.37792915295575,79.57871119153545
6.8790584399355375,
17.088383285827526,61.45005319946342
37.30365868643459,65.45384641838629
8.457614854391256,42.460520012150596
40.98936769389358,
41.690641808908225,74.18976935787568
25.61965282116139,70.31453969159234
0.8161006499832621,14.826980921226538
14.708387592158182,
31.03788245959924,68.02627663866012
49.06871581235746,85.82973123323576
31.774769587325085,83.51611391481174
13.36027726267591,52.545457769089325
31.88328230343076,78.81491938080359
27.229276295934845,77.64905180015816
39.10234705998161,72.78381115601482
5.795541621934441,27.254442365825927
38.17088117385039,82.37953957538437
27.292695644467457,79.41258508797706
48.168104191020234,81.11788564919357
17.42267221891496,55.75075255866679
31.81478371013043,83.65860823737876
46.63539122274587,75.4273135963409
5.574231535538623,27.106460698171013
46.89281011820433,79.83294825969097
34.55034325389026,82.72781203187921
3.8579344257060093,25.513961838614406
15.397696563867404,58.73334060258543
35.554518387941435,77.66273073005229
3.833854772704199,21.348360440606584
29.317437778725527,
17.62121131917136,47.81481618377322
31.235318129490118,71.94244525084355
2.764230673719386,17.078154700586335
43.64107190454263,71.8079951176358
48.68770397428115,80.30417318986942
48.45945383664173,77.32021038490407
,84.82860358342461
6.939268886466283,41.94581626992381
38.03402819848662,
1.7170523647106748,9.513593695563541
1.595115800685364,9.214483239099911
16.518705847902293,56.40283529568188
24.687837925030955,69.87452003854047
38.63516718148576,72.57139290981654
34.323121142022,69.21142469295542
22.572183965649042,69.96578934165328
14.04451998094246,57.138065203008345
49.8576627578067,74.49638995017652
21.59597446068066,70.26105312681027
22.843657704318936,63.976808089168685
8.599379148987625,
39.843072663121504,80.79954678234698
34.83727017618369,74.90338622313848
11.42809583304364,50.20825964196999
4.577861757984214,21.950327907869497
34.1847154526983,73.82498990296196
32.8983051069162,73.21516654699799
14.026346586411362,50.21968345442505
47.56774633139531,77.33614064071651
7.977365643154561,29.99706186552281
21.900572651608794,63.670727423203886
47.20898804829614,76.74380696127709
21.276502187843054,64.13537217261964
32.10703440937223,72.66086276960928
20.180922699158316,63.771550914221415
14.073652516259166,56.44817229589369
49.206893574011495,82.81135353367841
20.762033312594628,61.55469162306208
44.757910582117155,71.75535069936662
11.882752991608767,43.86967987195432
11.048682849241624,
2.0411371027833125,10.29287178393527
32.75750785610631,70.32928779034621
18.742054014326175,
43.285733367062036,75.21219242102008
,69.10694580117976
48.42557468177873,81.31321553011185
9.683513027304496,40.34482477383905
43.49684681380273,75.46979622262127
38.941544213191214,71.81737634549108
38.66063130988057,76.21300930409629
42.31676979178594,73.04857104636307
38.17068755167845,79.09074760405487
31.497905920755063,64.63282058176529
6.996621445278185,
2.11004588481697,13.93155898134068
46.081968466876496,78.91452323233334
31.024190568776532,86.7786628313466
39.928595903320726,78.46934273370474
24.33535639987123,
6.306755353638526,31.22003930395531
6.696696714026246,24.299684334111376
34.43548171783408,74.50745797559905
21.800141797523402,61.849300659127955
10.425973971666668,49.834972665579
24.833930063701125,
3.6783423852191373,19.809991381550677
29.30758439476274,69.15141868871522
13.815173519537336,62.20305276599121
39.979175481540814,75.12737266240242
15.862916966716902,66.67452786927157
23.03339737954916,71.39926556339616
1.0752167254509815,9.004067870582393
4.086120945830665,24.150601696710016
19.9284310421309,65.72452285667418
24.256972318497613,110.59893056477054
30.201017131905534,71.46392287359333
14.93729764611051,60.009081496913126
34.90160336326386,140.62063473957562
43.07605866086563,70.42443685103395
39.10262395022082,76.2342876776855
2.4611318547436785,22.818086071102353
24.285093889262534,74.77037336536456
5.6940438316996556,28.960706576112134
12.48122828519511,55.28266123017919
49.33979836672375,76.62274474185904
7.5535293736249045,27.763325452603297
25.194963595842125,64.71840420672538
31.098708848746895,81.16768112480815
35.27201604193314,73.86995041866798
28.20260983260225,70.4033320560063
0.9836569472495911,4.554884310270413
16.659834758077597,68.42138317043275
26.126726347543215,78.23619018974259
4.849391707669251,36.81827253448554
17.856033094854446,60.030988840728874
2.1435538851726452,14.085043667867193
4.389635609173527,16.107708101183334
20.147702171979006,71.4226790986135
7.069429825131487,
28.59327198894713,72.96197165747115
34.62851597229466,69.5019368185611
40.1290416058996,73.82818051117314
10.4074370901181,41.020150276830314
8.790387821823954,37.36195064395402
5.676108096552812,26.50227151607665
32.003297352410016,71.07590794098411
35.47054846110161,79.48159065302026
2.063514168869281,6.649692891759328
46.84250618906265,79.21639034470005
3.0725785407478843,23.52389887975352
27.294168597402987,68.42259380675192
35.598495712820366,71.77303748258325
43.612971625431236,76.40495796447418
35.84730314055518,81.3526503264747
40.185540111954694,77.75760772965278
17.3027845308689,57.302453609095046
40.83384313045236,79.36884154730359
4.46568489604142,18.52100131207839
44.793424474996115,81.18447537117461
27.605822619609945,73.2535101888907
40.95623961314344,75.44014021830725
22.889755083655857,62.989124908630295
32.35709591222799,69.55638976404256
26.556931716337605,73.11519203772026
36.71368132688893,81.90333826062611
4.540684110514184,21.180719653796228
3.487428157532908,21.76839340871816
12.731610083502249,40.67479806944787
8.397461665602822,36.21371956425901
43.653286546313986,77.41015101080751
11.351092374223194,43.18799630575223
48.805330163047,73.70526729453908
17.176341692669787,56.41587041560989
,44.09203072490644
39.59007610355272,75.6936656008197
33.10603488729337,63.148164867304146
25.16068796443038,58.707965029484214
27.990495771412746,68.4425157397941
36.10048802447706,77.83360875766039
11.808509695899287,35.15818245175416
49.818528844808725,76.0146707826044
48.75226152626576,75.74970075197935
32.69112147417338,81.08996139137486
10.377351320992684,43.19750928637018
34.17129800034892,76.71669095139852
,22.95642512525996
2.0172988591874,1.2699423712657936
13.255302981305077,56.13632715451091
23.399836358596158,68.77156363157972
43.47948901771483,80.07270289832425
36.494868953432245,
37.26397279939906,65.5205482512757
21.56192005517973,74.36897777618606
17.623782131074666,59.029396717104504
,63.75170976897947
49.388653404934864,78.23374422325503
2.485404974917883,12.30383728893534
43.4180590580612,74.67003332151067
29.144432724333473,
22.211463249884726,58.88142345293436
36.400254190549255,79.40363329875773
24.59011260052279,66.7312981480528
43.7344502850422,71.93085557253441
45.0847422685573,75.57880683065727
21.375185880236042,71.81669783735114
14.202975963135053,51.64137078698146
29.82134126537143,74.43035865422729
45.6619856080262,74.27207153151
10.927778355780495,50.41470104772877
31.336845886392396,76.90620464487857
31.762230894579766,82.93990264630347
36.78909460955641,
7.01260041379936,37.69258951841082
35.93333575176339,75.97554272973687
45.49710977294923,84.37868573441384
9.394313889076978,38.67485746268086
12.258394583731944,53.72029560199707
48.58405715506116,77.38551967289081
9.458359159119743,42.14090337984931
42.79206212179417,77.8505589358855
24.86775389417772,70.3192268478217
12.737938182957263,50.543409782695676
43.60212011298931,78.62902577048175
22.54261012263194,74.7116802842381
25.983459019519664,74.91959730139862
18.282051785288402,65.8144489178954
29.851067146028907,
8.594431692958628,35.32946333253996
19.858536064262154,68.44095221923168
48.48590995559673,82.72630468348984
13.277604918705814,59.708029876118204
33.00846489479397,
16.596908179122398,57.64647260256213
38.78691972148673,68.20927179730153
6.9782462055583165,32.26132394861668
48.50614173138796,83.33159806263306
22.962582298490144,64.92403950338208
12.184497935649965,53.019762744040754
4.138088992835627,21.59377819625687
8.903016301833267,42.3768045623822
26.228810453522875,64.44840801165392
17.181657233348673,60.18942276414793
41.52972661118917,62.15896352066949
21.828932421259395,
12.81135649308768,43.14129059691306
31.04867683689949,79.35655247880023
35.48547223582957,79.20754804518339
8.768574441097018,42.6655190532058
8.797151206271725,48.02777797172793
2.315235633210377,8.781624113045273
36.9518997457492,84.57531986472345
33.35832411727935,
23.99422834961579,67.08324989261378
42.286437223975256,82.96223260250008
40.38067257102763,71.30536832247894
29.47504103763923,68.30871383185142
43.4794283854063,74.48839910937494
10.689139896820029,43.33691937186125
6.04002116018753,25.372779337533235
13.852605770090985,59.70342271144186
3.3257993764210854,17.394518782241292
26.792891636051085,72.3823790682135
46.86198176860059,75.26486305824068
2.4475052630912275,5.122878905955236
6.5444407434963265,33.95743670887347
22.883851900030045,57.61472425902225
46.726813367631294,77.75297327075009
16.14972719634915,51.18028181779475
25.608123030075426,
2.557856522994409,19.360813905758857
7.842988447623399,37.81217086175926
49.33819108646292,84.77361459534507
48.27337547358425,74.08612904222173
0.744529056253276,7.343252008357263
47.61468337845033,79.22573488436426
32.13643692186727,75.20285632943683
43.4619555787411,83.88966207050358
23.009622853876024,70.96684363353678
26.022003414672888,71.46677876725215
24.69790572271755,60.633895029233614
33.509780748532165,69.71900634600844
7.412737110437488,35.17395041084783
1.9836926986975587,12.206365257631797
15.74253210876395,51.643098102644345
35.38169775546401,87.33988403018924
10.491745880085944,53.02231517190231
33.83490544958341,77.67054596754197
48.510646282309885,78.70952476174452
5.14808543157621,25.944896827847046
33.79380485214375,69.88277484222368
22.46563585557627,67.1270872465516
43.47304159168652,78.81884876216769
9.268914577645603,35.67979641805252
34.784984635195144,76.72167260107068
41.98670683758146,76.44192732320266
47.25840386396415,68.63637399634602
34.32077740033747,70.56161332089086
25.11015081841715,67.20013721123553
31.083438389960087,82.78355067785427
43.51079673169655,150.89312092638679
28.745182458622068,65.29879285369888
2.0041594549934247,14.281359059926988
46.5819604275954,70.33743289259479
34.63157417606227,80.4031306836057
33.9874125959737,72.36908688417861
11.175920043687,46.81291452174568
33.114830776516534,80.97228612692642
19.996288079880845,57.4076636933131
32.73603236355386,67.18366835370912
5.776355000245541,26.68567943152501
33.063342577850285,79.51184883926632
49.970979425648,70.93461276527322
2.8864959235975234,2.3349638813325626
48.87012211895521,76.1403398677802
20.641944055782094,67.41552346894568
43.60229579169433,83.5568029593736
39.22808146088454,74.21549237856028
28.567304918840055,69.80407109756962
,81.64160795207809
43.98652028441672,68.2807817621602
20.504945921726133,62.54513175088683
16.688141497380315,59.900545803213106
33.54587258539745,76.78113346682258
40.4883741260923,
38.23311417144248,76.41611889635652
39.99177561850241,64.29524064761074
22.06137408324018,118.37810613339092
40.98279370066357,79.25313652950308
6.450348240845118,27.33758873955522
27.452210349062053,71.3967140102376
0.7850536946570177,7.104182738725973
16.56699858006338,
18.639845976134193,
20.110548234658143,59.17682949123661
34.92562673114818,74.07310739527415
19.733626012882112,66.55147399310547
22.710334319815267,
12.25843447827921,47.062708451650785
18.975963685652335,63.59045371941827
11.749846549525998,52.32243849317712
4.12319822653796,12.22810417374368
30.370705372378207,78.7500035558228
33.576533528473306,72.86715460673193
31.164772127475917,75.51572283853139
23.442955168128332,73.72319019611827
19.299396118871876,56.05878307014826
43.23501565380535,73.93539811070966
26.194548364242795,68.71718710438893
24.21950294267168,64.55683386408255
1.7692822574185665,19.233225753802877
17.391767467494738,55.81682595870426
19.319683129899925,60.167119967685245
20.241727654396573,65.1795684104963
29.21853227675295,66.26361711868415
26.913326062980484,68.73139208860906
30.59130209327551,74.66514363348897
38.36172144633535,74.61805849630248
40.74279406644663,76.46022295853388
36.047092273211476,72.87944506877402
47.79842294976927,70.68020681338919
1.4025128424799007,10.098802202849871
10.191010291335532,53.37346204833855
0.874362311418035,5.4966971722617926
,75.20815362145747
44.95251217302435,81.2693959028075
,44.34604433792441
46.38820996741718,86.55643975844387
3.483235819333262,20.46780165678063
46.75458332687296,86.25965290325587
17.905323018361905,57.236506998485254
5.520331008236218,37.651128835301364
24.55065207972312,72.65267394580499
13.210440102165142,54.96087981219261
14.60120864711518,56.29346405248026
15.710853263851185,55.99385696490909
40.24978194271684,82.8061978710854
27.188483195425096,71.61386190117388
15.90973110822218,47.760458097328076
30.71152227389046,67.55820020660543
35.94945837404808,140.0749496673635
13.994888036309922,55.43693440796596
20.9706805255049,64.77212634870773
6.533361620178904,38.659979546496366
9.466892801966676,32.73195317666392
34.21533377126665,75.53796622114581
9.481198210933535,33.44047238894174
26.49558749151948,74.19264089844684
35.59778995526042,74.89007652811407
5.79040769318982,31.758350413613137
28.581954871630725,67.55132238077775
13.199857793217506,58.56945536178206
48.1648803242602,83.51166706418023
24.435509512636273,134.4934356752419
40.39663121387033,76.19328545794089
27.736213836734958,74.20096969556731
2.6489203763135487,11.742771497675488
31.840993091904107,78.01422785481317
47.59446543922952,86.47121664086896
30.279785097243394,78.2562538738534
41.04984854162611,73.35370776961263
44.26821993574619,79.4894011294521
11.789948711472157,42.38377853488984
10.99621957545722,49.66928154845733
,75.41469821730361
20.845909255431884,55.55606425397299
42.07313449190266,71.42847080732935
45.051144608201554,76.40733319934799
17.994358275484547,59.532923879566724
12.225092669236862,43.86784058462479
,78.45054988105936
,55.36897472462704
41.21940876642708,76.07077097449556
21.47504355561376,61.867121428523795
33.543720014927786,79.77763431449932
5.228998034816075,35.62490039044919
31.381036571490363,
22.86250009749284,64.09324058829883
29.53711892718597,74.92481777563535
8.816703283370739,38.69445694768136
36.975250374737016,75.14928449950895
43.20845533838981,81.17551416616166
11.228620104493395,37.87196771249584
5.2378704982480055,33.97673552053907
1.6701100092936516,10.36882098025939
32.277589271941665,71.89397871843245
30.551154786394648,
27.561521929346465,
11.981381257740782,40.666903110990376
19.849846797322975,71.12778110078828
29.926578591715565,72.9064383648551
25.089959513528886,71.46582634184641
49.39538325063692,83.21988249381995
7.25376775155829,30.11581752324437
34.90965542535589,77.46726641620084
20.51377902116246,63.16048801008039
21.69588093881793,70.13129643737916
36.021089400079724,64.88065211386078
34.7755894905563,74.5515977322191
49.56717168825832,75.46902080774751
6.855517327979199,
5.653427644516234,31.45584509869331
36.354771447872686,72.09675384983385
29.13015239181725,68.65867860801087
14.07095299471039,53.49203325911279
4.431258764954837,19.394898808586955
4.7400833550233115,29.457586210333027
44.76244829587385,75.9261278635005
9.997432573577774,29.51135785378277
,56.76684588433867
11.719491910235908,43.48069013828243
18.072317138680898,52.998740835681204
,15.424993619835412
26.193459649959383,70.70611586367839
3.8468218978146376,27.835028729834193
40.117647137206895,147.16437846646275
12.068748054566434,46.50405785740156
27.230589772923274,73.22214498075778
44.063914834292184,75.34867052861748
32.71842976783611,70.68804075569057
26.881410434291098,64.91423178160579
,49.963041142702906
16.9835946963808,57.490553792660705
33.63960428231041,75.36613325031055
49.70989838044779,78.01722712594005
33.261039897544244,72.32924765456032
28.110279159816233,66.82939586524557
36.66720025684268,78.78386515027574
23.52767780804405,61.23413153889831
3.4770459587388682,23.306309184112976
28.333692385956535,66.69658281055239
47.90245158301632,74.50486454293684
9.177495646704152,34.274923330701235
34.65524209562295,72.49214242091561
10.446217588623295,50.190802309812895
27.02347038141752,73.36943754351483
5.285484257512621,32.47736822282354
,69.69353894522884
37.93008478031468,70.6333956516604
17.704790449829613,58.9388680950857
33.41313036211729,70.57570049939447
39.874773059091595,83.35906504560347
46.39530206423291,72.0610327679497
12.11478305184495,54.11704760656468
20.26613783256075,68.65329963447361
8.044592659855663,47.11492456089633
49.62793335683957,76.44204666456046
46.38654791225262,81.60521715225694
27.2278779488877,82.34891801364412
42.18064807163285,74.17284119444672
26.287419874966087,62.55756739683858
31.367491556136606,64.09458425077757
4.911659389742822,29.55762862433285
37.885885814591994,
6.821817439944124,31.785626086953055
41.390347697500154,79.26885664463228
39.2103903396841,77.45226418099914
,77.48405288624531
2.2899388359757245,14.5029938556912
15.504853619293765,63.25257907573508
13.524072210586722,48.123044515900276
18.326752169840194,58.14985049986713
4.838315964810008,21.81296139616216
46.87941224003761,82.27020337565412
27.913210915262624,75.9259744424563
15.623453377572165,59.33290673796047
20.15058509517703,
22.636525754989364,61.02953107498855
30.229419501350556,81.21066918602975
,77.64264797371136
46.00990267411366,
,78.1681766264197
49.61182173375398,70.2054166690045
42.64553540838224,74.73880221664977
10.821270460688122,42.66298422006853
46.56446312487385,81.67865151782722
6.260136695331067,26.2661761603468
40.96376057031399,80.76847532908707
19.340853027090713,69.82639459488732
43.95972886203094,81.10041856613277
43.46880616031879,78.9480041458838
40.39330730582225,71.90066482389365
39.60650659719954,72.40048220520767
15.581617385353018,63.24802488429862
4.505504511036983,28.10721187200415
20.447518848875493,64.22120816031745
9.089463491832179,39.247974799179524
34.90007890067186,64.96711204807715
17.631936463620384,55.12511059007952
48.792704942565784,87.94326543030037
,67.52518069097243
41.21278789990087,77.9879486254267
7.0599713007214975,39.55920903881976
43.16971687249482,71.19480473827409
46.17648093041302,78.9340030150794
24.60956498153733,73.51924455889633
30.509520418673382,73.0949372405672
38.35808514469827,90.62329416254792
9.154512049390421,33.195198713839645
25.3770207849404,74.7884993856469
20.233819874729498,63.28358915270545
7.745512612031331,40.80859361464206
18.692953903430805,64.27447306620982
3.8745293145819315,17.656253049070347
1.7776893939996057,11.750213439612338
7.1907313131637265,25.705738698633844
48.174198023664104,81.32054571367117
27.70171202680334,72.76843382126772
48.308196977084386,81.51568964368568
21.908644977341535,71.42604420743709
15.93489858772035,59.47896900223176
,70.38300962851028
22.255828587329052,62.10989577067515
5.730401870956324,25.856961775609456
32.220902577165205,79.8576254419706
11.19389003422518,54.509775372617455
31.169603767442563,72.20027613560369
32.68495407370859,74.37539832847004
,33.37859206955197
3.536806541978074,25.57885688500903
39.14769851038777,79.83600548028483
23.260120976581348,77.26235624965067
3.3791078775210517,14.55809133435657
49.745882699903476,
3.3601377693201484,20.014215540202972
34.90424382849838,147.1544951725823
49.19210680053897,77.3585820359698
12.339415158688318,45.82431471379752
7.54134375001621,40.647082430379264
6.50855450141023,36.07657113187665
15.51211980459598,52.290327776757884
5.501767645027011,35.26158574151481
34.76198641385953,80.8926698377494
3.583444007438103,20.61105897023538
25.71639534341459,70.17422334100362
49.83649426572235,81.28574568837232
40.791528340547934,72.63059879903444
30.953362192435037,73.42565681752944
15.659554228937278,46.38097072995242
31.382843896436103,77.88489755024193
26.588552463626755,62.65778943636964
21.59112750257339,73.2958618047941
6.970163648639874,32.54347026025421
44.3869086544031,76.6458821350522
22.764340116655465,63.91413206479917
10.133814335127871,42.996246706438754
18.704087868425837,69.1765593187855
20.99942275018189,52.65035007847307
41.46312583056028,83.48405591737956
36.8139118377894,77.48242789305124
38.58059223524632,70.31178031314002
1.0460475892180372,1.045676461779923
21.099622909898194,73.59040433658436
24.32653550594852,63.84632467232466
1.450017702741306,2.995330471807069
13.360753832879194,58.214599527547705
38.13434624454568,146.35917084311015
7.286930433585453,30.65064214984064
26.997851506903288,71.85552929624124
11.152492664853256,42.090953093562234
1.099978344872717,12.243109936259621
12.439472151177304,
48.80575086804766,81.04788442255983
40.17608703820798,78.59294419667923
47.999043893891155,87.08632099065292
24.64877517435494,68.86308288309978
5.931941834536423,24.31769808041162
,138.02500536034123
22.991678060718062,77.71637966134898
42.29567559561099,72.21234087503294
5.355087748820107,26.06899268156072
24.66793628257802,70.9639376105243
7.927408902352221,37.30139803433911
16.57145838105797,53.83947936231196
36.99917533069608,81.46350240410213
24.062897403753944,79.93051407376008
19.10647011471558,63.63210562821427
20.026575789216746,59.36224021310393
23.24261503609634,59.794027096179356
39.35831891993431,77.85713185638996
44.658192102541605,83.27289162081468
47.78906698194445,80.62708868155195
39.45171761963711,76.58078629640731
16.112641339526633,55.01019566695141
34.562667951283835,69.5011615803807
22.1613546407419,70.5866912756556
13.106195791279534,
42.12314318158317,69.51977137471708
2.4021042736350875,21.935759173585758
45.137218610703464,80.70832275190227
23.34313449892434,74.63660832542473
32.04147310200988,67.12546685181357
33.13801914918624,67.52466595305813
44.80832816497355,77.03547935522542
32.01514926727676,76.33703346415054
30.889712445623058,82.22297519015531
3.799276007754153,24.498106238522446
26.1611970862876,68.92023483272759
7.933365540443562,
37.002971551713536,82.0054748612393
25.854985080227387,
34.171275070813486,82.94407926606286
2.562808579818021,13.40790027500819
4.697204794267259,33.0124394997039
35.95800770910277,78.88876380025178
,21.5390687976021
4.0272080243803,19.43740297818278
1.0993695241269288,5.03089524532923
47.84681921582427,80.40089431296335
37.006663793220845,76.24247850581257
17.985944720852174,58.05539772941009
15.178511273738934,55.41796657761887
17.810309872419552,61.148836633580984
38.8453497934685,65.77977951869975
33.23784524798551,76.68953888695616
9.667180609439663,
9.118412099037176,35.660294901879745
5.370584660813167,19.504165242550567
33.18498462521624,65.4054986048417
38.33644677997593,69.4975984301711
13.619798202087699,93.07992984878989
1.5367755710301843,19.021102812195384
4.567497540083154,21.85706847615457
48.409071724829005,79.2246231401279
15.124516485132302,58.14570179025759
38.576545817987615,77.00103173102252
31.420846658286056,73.13512549488539
19.406012162818346,57.0857675814962
10.681519478679977,53.21570070296574
6.508627698890618,77.97710220824437
30.9431419179239,64.85670560345068
38.8443721415705,71.30302729573012
32.37326055028597,72.59850986421888
26.749955595833338,
2.576585559865995,17.431439579703444
48.440194490921996,74.69864982269901
40.03635248690144,87.5737738119826
14.994690816697755,61.846969635226294
49.008531303263105,79.47666553454323
30.293138686997946,78.04570976174556
29.329921581258702,77.87240529042917
37.52962238176184,137.52925578856284
40.68260451046181,72.83123910666123
32.99569106290938,74.6798454672927
6.840739445126902,38.02551589433091
17.24424154672767,60.55974391114268
46.44014019613946,70.1669937964906
11.61847278627067,44.405094493537284
,62.02403942556194
21.8878057057377,65.73399111682104
22.25054698987538,76.37224944704343
30.840509333479012,66.28457450051658
47.18225396836303,80.69220869250265
12.414289235708996,57.81271694743502
6.514318126895444,43.85005319178295
10.274789248066897,42.81328628848185
44.402782560358844,80.16427790133164
32.4676352264327,76.89151097058874
14.652386067338426,56.20239208153294
40.88937347894655,76.46875403975339
43.13781481999008,
42.402459765168764,64.6479929668319
45.98686341515795,81.39038774881395
12.985930498581398,52.32267028406488
37.874575472940776,
23.29670511506993,77.82694625697142
42.178928368058045,73.88600264461448
36.560288519499856,73.69068509257784
38.93414860173637,86.40653393927755
32.98001096521304,70.12165537340645
9.28272408875049,39.18010361682251
27.478832485398446,70.38559676125885
49.241152106463154,82.64671355646823
46.900709291607384,79.16145848897978
2.6370999219520774,8.752874454456151
8.658333378607137,37.319932154966935
7.020574286000815,31.341655060176322
36.43600554427213,75.27705382489674
40.98037382791878,79.11422764487705
11.06881263237826,49.09056470981121
25.539708301115535,60.750636532128134
42.1147998865544,82.5662880536206
36.773676465929405,77.04158906029153
27.34074167184649,77.94474857596961
,74.80046685117466
25.663847072355857,75.23977905352707
15.228648340281618,58.67393534177101
28.468588646521297,78.52780391993659
34.59982245147949,77.58818550079775
43.72948433510998,77.09066491434437
31.99642202197278,85.17602390755462
38.17551608363632,80.67175204237586
8.423545930251363,42.0907123199732
23.3470949837796,61.26102895648879
0.9619151814411182,-0.516191913352273
12.71060379382034,52.524919907185115
36.45985489809374,76.39903161958291
49.59459259179349,75.41583514318692
5.409315929567187,28.8068560716121
20.373968635133767,72.26747537748439
40.1035129506084,80.24292881329308
10.599763914130493,40.032660972809985
27.97670499046317,70.90988902350637
36.7870291534689,71.75841922660548
30.991279787878863,71.35736708437004
9.8072243634631,41.42694181936515
18.0915361499441,58.79584413401847
39.297693332027166,70.27488566138247
27.934212449534822,70.8001047591352
,1.90921738138977
38.169042621390645,61.57736830048707
2.247912069541834,23.43208076623898
37.41382224519599,81.43332848630216
10.522787728179251,43.644558439297725
47.92463726590932,78.36420900130085
18.71306718945318,
16.683115008734916,67.41857380072463
7.8699584914560115,46.8619115042937
15.627408666765637,57.867501072246846
43.89421271049593,82.72957340713135
49.818549712548744,79.38975803991946
18.731321760088992,55.43926691208049
22.706226232249858,64.93335165212879
36.24251144103548,76.25514435365261
44.36669113302119,75.42776224322165
29.855694542245814,71.56502885646424
19.88052205980255,63.23615865436737
20.924781122006877,64.59569835323079
34.93309825159194,75.37038052398375
0.6593040484117947,-1.192827060898507
31.169672204262113,
18.09690401684719,54.76922909562116
39.81276789821567,81.57888902860573
,16.286377077672018
29.61601221394533,78.28411449820256
24.308158049363126,75.48879503091612
32.29511353230876,72.44901528207278
3.710252926906933,7.530106696443774
29.2091974776925,70.46204040423707
28.293487103996423,71.3600325150799
28.25267467360046,66.60075619119642
30.372639496524513,70.37963130678764
33.98516289270493,82.37473662519574
40.346955484198105,80.15292796410498
13.85612564634661,48.97262311268623
41.339945803913075,69.08250646527779
25.163656272040953,67.678917051869
4.314384817149392,
3.3982709975769705,21.524224080230475
17.04479677545501,56.86400706558411
39.352400367017644,79.12312409016478
35.53020626967533,85.01299814420848
39.53644075128412,80.69332598279328
26.104818293859665,69.84859790271517
22.289850398796784,65.63613728106556
7.7989000719610555,35.34910578593226
16.74554130366092,64.94807780499909
21.983958625606824,63.08216937516219
4.885721269141053,26.10800068515593
11.420291659204958,48.170518795419895
30.11215205615507,70.29846644555118
36.915324154839894,68.96398156909984
49.91820181395101,80.14000157528713
46.68910990150611,77.78537241349022
32.30697737699198,76.46685053193251
21.351778638056565,62.83583039544051
31.990779553057518,79.91516375645797
39.389755094971484,72.19200519526643
6.357641450707672,40.45379688732729
20.790292039966268,
42.070213138963055,79.41059462952224
19.499731120685677,65.56590610472924
28.807677425745734,68.0384310109494
29.59458336267881,74.62529186491781
9.631574530115149,49.37602495886136
18.430654361788275,50.603581621549075
17.05830879272564,62.076418548424506
1.7967370723372074,-1.7554584127668225
1.6974923126220847,5.330255552747044
41.66900366195079,85.29244587455683
14.017005093654214,
26.144898928821362,64.25136872701054
15.286915892644267,55.46154668973725
47.063622633209356,88.48628916039644
13.335189563855801,43.313374015270725
21.768012230577288,60.72203751042068
,85.06171382811272
42.17571155619453,86.54847941350559
9.712020183390727,42.69876839837269
40.230843834887665,70.60342960272563
23.180250893525685,77.9557214680767
,76.61934961265638
7.1072586345892175,38.08844181450353
4.489774930977671,20.078207244034967
36.53299569520138,75.45153260191884
25.074827041587337,68.43599446609117
22.124109779451388,68.02664692535622
36.61065731829364,82.97833984292672
38.39288850005993,80.68870360702479
8.365954299633001,
30.706144899143244,80.02366480526736
7.200027072745433,36.59436248414613
37.69306675843776,
33.019280235223405,153.35846497344144
47.85242374363117,72.70218988784039
3.9134218096428484,21.325193010503753
3.3242086969870885,16.023715412480698
14.468260197313407,47.01804755358401
