Num_Patients,Num_Sites,Num_Visits,Trial_Duration_Months
943.0,25.0,5.0,26.516553333428625
1441.0,66.0,12.0,52.0657757239579
679.0,22.0,17.0,24.394747447427346
155.0,23.0,18.0,21.60501537882005
1497.0,45.0,16.0,44.282756089580126
1053.0,39.0,7.0,36.24980512717893
655.0,34.0,13.0,27.36880289241787
1016.0,68.0,5.0,41.71761702346397
396.0,4.0,12.0,13.694909949349961
812.0,4.0,10.0,18.81857233610565
1214.0,,4.0,19.90696659479651
1109.0,58.0,11.0,45.951662331270924
988.0,72.0,14.0,54.676149208541084
557.0,55.0,19.0,41.41671902316047
,40.0,4.0,22.568435936331422
129.0,32.0,3.0,19.99319593004076
703.0,22.0,12.0,28.38642062462625
216.0,,12.0,15.219704734466138
451.0,48.0,10.0,34.29001310474629
963.0,22.0,7.0,26.775860658475047
139.0,11.0,13.0,10.470296390060724
1353.0,9.0,18.0,31.800337003149238
355.0,68.0,16.0,43.18789802849024
1180.0,19.0,4.0,24.205113763993232
423.0,67.0,1.0,45.096014067650536
976.0,71.0,8.0,49.352579126782366
185.0,9.0,18.0,
319.0,47.0,3.0,24.170434572335243
1368.0,20.0,7.0,31.962158432256654
1059.0,75.0,7.0,50.54997393945964
1203.0,,11.0,36.545542321644135
1388.0,71.0,13.0,57.066718816590296
911.0,54.0,8.0,36.30967927131087
599.0,58.0,7.0,44.23595600664851
986.0,51.0,5.0,39.48940999269837
516.0,51.0,7.0,39.123098809562734
1398.0,44.0,14.0,39.62219985799617
,16.0,11.0,25.400342722887153
1433.0,23.0,14.0,31.527013158779948
1431.0,17.0,14.0,30.907297332465035
695.0,35.0,6.0,27.82686977202406
991.0,61.0,6.0,40.85937805087085
1404.0,12.0,11.0,32.07292853901082
592.0,34.0,,24.572113290225303
442.0,54.0,9.0,37.26500532087952
1244.0,30.0,18.0,38.74905875720518
353.0,48.0,,35.07614445290488
840.0,11.0,4.0,17.92535281743436
283.0,73.0,1.0,38.85656379082616
1091.0,10.0,4.0,22.60239628307211
756.0,9.0,9.0,19.52924092796034
972.0,55.0,13.0,42.98260542279729
,66.0,10.0,138.4534288638467
578.0,25.0,17.0,26.474349007608996
499.0,20.0,,25.18994151134272
622.0,69.0,14.0,45.211069457342916
1114.0,9.0,4.0,23.002725284582322
579.0,59.0,8.0,37.997031045481464
1380.0,74.0,18.0,61.3000736511738
1003.0,57.0,2.0,43.9085579331117
458.0,57.0,6.0,32.27129463949807
127.0,76.0,6.0,39.54131154285106
1030.0,72.0,11.0,52.02820135882553
821.0,67.0,12.0,46.96803515906526
294.0,16.0,15.0,18.193981137465645
1241.0,38.0,7.0,42.460549825640335
1101.0,18.0,11.0,26.642839263385262
1490.0,48.0,13.0,50.151589788141486
319.0,4.0,2.0,9.698273312781447
172.0,19.0,18.0,17.63637734456505
987.0,25.0,3.0,30.89731130397377
587.0,37.0,12.0,27.52568633159703
474.0,27.0,19.0,27.410834786108424
499.0,20.0,5.0,16.660342287842614
2480.0,71.0,1.0,43.28352165436093
83.0,,8.0,13.856623452458493
931.0,29.0,12.0,32.4083736083829
420.0,65.0,2.0,37.04343077126198
1407.0,58.0,18.0,49.33885671777204
1354.0,22.0,8.0,24.30558295252204
789.0,56.0,9.0,38.5527081141859
585.0,69.0,14.0,47.696072738512065
277.0,43.0,14.0,33.48079569916712
712.0,67.0,2.0,42.187266606637536
1027.0,41.0,7.0,35.04069657050419
342.0,57.0,1.0,38.59824362600345
1207.0,35.0,9.0,36.02415096434887
309.0,8.0,8.0,18.043915621939966
1470.0,6.0,5.0,25.96614421099111
151.0,12.0,9.0,16.413561243826525
437.0,9.0,9.0,16.557957697634365
1348.0,42.0,2.0,34.683735061563844
1311.0,29.0,6.0,27.89607461837744
306.0,8.0,11.0,15.837269634115128
531.0,79.0,19.0,48.38915922612442
1033.0,17.0,6.0,
126.0,69.0,3.0,40.141619983356875
588.0,36.0,13.0,30.74652612420353
877.0,34.0,5.0,31.126727326149737
1253.0,23.0,11.0,33.257984724662606
458.0,17.0,7.0,19.429814299514668
101.0,54.0,11.0,38.62838614616342
545.0,76.0,11.0,48.54461001892275
615.0,25.0,,27.992919510432714
1339.0,54.0,14.0,48.9560450088162
1358.0,65.0,2.0,53.739292413051935
1487.0,44.0,10.0,46.941813449454614
1198.0,45.0,3.0,38.268139386995664
436.0,9.0,5.0,12.037122206517175
791.0,54.0,14.0,35.23212692405971
868.0,21.0,19.0,35.10022893037153
619.0,11.0,4.0,18.906037089875348
85.0,4.0,13.0,10.388513065615017
385.0,48.0,6.0,36.83282093347657
1062.0,,14.0,29.51558254041564
297.0,35.0,19.0,27.916221794421332
783.0,54.0,6.0,35.08149704169491
162.0,34.0,2.0,18.902762901078002
669.0,24.0,19.0,23.47281212980883
1462.0,43.0,3.0,34.49611803003607
776.0,4.0,15.0,20.77136571803568
975.0,30.0,14.0,30.273919870567912
734.0,2.0,13.0,19.37216673717963
1487.0,53.0,10.0,46.35281929737638
641.0,31.0,19.0,28.800543704462747
935.0,31.0,3.0,35.41617406860025
132.0,52.0,14.0,35.6608157629117
333.0,60.0,2.0,34.48424095739875
360.0,23.0,,27.617455610806005
484.0,62.0,2.0,31.93436167791476
,43.0,13.0,34.70492031754595
908.0,3.0,1.0,14.64138551083088
895.0,36.0,6.0,30.071001483774708
1474.0,53.0,13.0,44.64630028679903
1389.0,75.0,19.0,59.954765691998034
389.0,32.0,18.0,33.08543377663153
1499.0,45.0,9.0,46.21462404823732
120.0,43.0,15.0,33.97195246920033
,20.0,3.0,16.996778141906766
893.0,70.0,,48.00654926511022
689.0,3.0,2.0,8.87293567051869
1102.0,42.0,8.0,32.880280264192336
729.0,60.0,11.0,40.00671337330209
1229.0,75.0,10.0,59.35336772363643
147.0,21.0,12.0,16.604373666448172
891.0,25.0,18.0,33.226473090940054
209.0,69.0,14.0,42.82001333445897
159.0,46.0,8.0,38.714156286488226
564.0,14.0,11.0,19.31709424339054
1165.0,48.0,6.0,41.13747531251514
738.0,8.0,,16.520258162939925
899.0,54.0,6.0,36.58184837497631
350.0,48.0,18.0,39.85353953228376
1191.0,64.0,14.0,53.903786611329345
638.0,79.0,2.0,47.63235765459441
1156.0,8.0,11.0,22.39973604465915
224.0,26.0,11.0,19.830933320752315
1046.0,60.0,2.0,42.266785149441574
,56.0,1.0,29.942584093499118
270.0,25.0,4.0,20.75092537768003
176.0,75.0,13.0,43.12413238489673
1095.0,18.0,9.0,28.80440338469822
1226.0,4.0,15.0,24.8678550585465
315.0,25.0,17.0,26.194034996956827
1090.0,66.0,17.0,
567.0,71.0,7.0,48.30511673826145
1085.0,27.0,2.0,26.233472778662456
743.0,19.0,7.0,23.677480182423597
549.0,30.0,15.0,31.050259968938185
1130.0,3.0,14.0,24.378501935903625
1180.0,51.0,9.0,43.75559022744921
312.0,26.0,4.0,21.049231614099146
646.0,61.0,18.0,46.29058223130653
737.0,39.0,10.0,34.28984670011043
785.0,45.0,5.0,31.50592672165932
672.0,73.0,,50.54634107776135
1154.0,42.0,9.0,34.34378102934521
168.0,19.0,7.0,13.86661793758469
671.0,47.0,,37.37684646574804
585.0,51.0,1.0,37.10194167769276
428.0,46.0,19.0,30.441907946027328
634.0,43.0,6.0,36.126721404926315
102.0,2.0,17.0,4.717738790177709
1481.0,67.0,2.0,53.52950586634643
324.0,55.0,16.0,38.03164990049396
1001.0,57.0,18.0,50.61130773718095
177.0,75.0,3.0,39.530632235722656
190.0,51.0,8.0,28.214050496691623
1030.0,67.0,18.0,49.03574327397604
151.0,73.0,10.0,42.63259139192776
288.0,,4.0,20.530707432716518
813.0,43.0,9.0,36.98610164372394
,20.0,5.0,20.015711764154442
655.0,16.0,6.0,25.592965919228824
439.0,8.0,2.0,14.004678738627982
1312.0,9.0,16.0,
893.0,14.0,7.0,18.733874030387117
1463.0,50.0,1.0,40.22237282187992
964.0,,1.0,32.16851320484386
243.0,3.0,9.0,12.595310462524495
1327.0,65.0,19.0,60.020272286780525
155.0,47.0,10.0,31.291281792000664
536.0,51.0,4.0,34.61415061154183
91.0,42.0,12.0,25.393234489383236
287.0,32.0,8.0,27.728536863665962
1473.0,5.0,9.0,22.533492987451652
971.0,19.0,19.0,26.776379914548777
742.0,10.0,10.0,19.95025145456365
181.0,14.0,9.0,15.923968047455793
438.0,37.0,7.0,28.359131041832168
714.0,49.0,18.0,38.6155717438239
1105.0,34.0,18.0,33.8598538601368
626.0,38.0,19.0,32.94229531198387
115.0,27.0,3.0,9.550788518753484
890.0,62.0,11.0,43.799419383138286
1219.0,76.0,13.0,
764.0,,4.0,39.534437432013355
1346.0,,9.0,32.957954484776344
1212.0,26.0,15.0,34.38277784770025
257.0,36.0,9.0,28.078713901102464
751.0,59.0,10.0,46.10247230194661
159.0,33.0,11.0,25.323522584269345
1189.0,61.0,3.0,50.56252619638664
391.0,13.0,14.0,21.718424961792355
301.0,37.0,4.0,29.1963298767441
558.0,44.0,6.0,37.05962226362005
691.0,6.0,19.0,21.89402382544141
,33.0,8.0,32.37563958716123
1064.0,35.0,7.0,36.35835946057337
1454.0,5.0,3.0,22.880827878691186
951.0,24.0,2.0,21.962847837543855
1062.0,3.0,7.0,25.24940853480085
225.0,18.0,10.0,16.642422836127857
325.0,48.0,3.0,27.71679504145914
660.0,45.0,14.0,33.97438617283041
482.0,68.0,10.0,44.984351139930894
524.0,47.0,10.0,32.02531261751381
931.0,79.0,,48.19210945395105
674.0,53.0,8.0,37.23004482562256
331.0,41.0,3.0,24.673432712062066
668.0,70.0,11.0,45.819666486057926
686.0,53.0,14.0,37.93058544592036
1097.0,6.0,,24.30258071852599
1223.0,61.0,15.0,43.077750804834
868.0,56.0,3.0,38.72567460727836
1093.0,59.0,1.0,41.97193368208398
139.0,43.0,2.0,20.61492910218861
626.0,42.0,7.0,33.52831929781699
582.0,32.0,13.0,31.301964527694757
533.0,49.0,14.0,42.653723960456865
1480.0,4.0,10.0,25.835335207067665
798.0,76.0,17.0,47.903401818521786
1434.0,2.0,6.0,19.198783961205038
369.0,48.0,19.0,37.52273662063461
4496.0,71.0,5.0,50.3089735021118
238.0,45.0,2.0,29.294687556638564
510.0,77.0,10.0,110.57317855492226
1088.0,26.0,8.0,29.564289057527645
619.0,18.0,18.0,26.38770360799237
1057.0,73.0,6.0,47.50308683142852
1047.0,28.0,4.0,31.385017316748623
1129.0,19.0,13.0,28.466357409979558
318.0,14.0,5.0,17.752394107740137
686.0,26.0,13.0,22.648737362820693
1206.0,46.0,9.0,38.913888783635564
777.0,28.0,5.0,30.843623916350555
621.0,72.0,18.0,53.505120037153674
1494.0,34.0,11.0,44.652686972645995
1414.0,4.0,14.0,21.31242073229529
1151.0,48.0,3.0,
127.0,76.0,15.0,44.505377333085484
908.0,18.0,10.0,26.29417576964611
1201.0,54.0,6.0,40.50347088379189
517.0,41.0,15.0,39.13339646836524
764.0,30.0,10.0,27.663239586068155
460.0,62.0,6.0,41.48861127871305
1063.0,13.0,15.0,30.539006530622853
670.0,3.0,13.0,13.944703797203818
576.0,77.0,12.0,50.71729141480725
718.0,11.0,17.0,60.952507297692534
1381.0,12.0,18.0,27.84618943843604
478.0,49.0,2.0,31.763535512727895
192.0,37.0,18.0,79.00718193623652
81.0,70.0,18.0,42.00592969002854
918.0,33.0,5.0,33.30610288185025
489.0,23.0,15.0,23.63329398155379
1149.0,,10.0,57.021480900048466
1354.0,74.0,12.0,58.348825312542715
249.0,30.0,10.0,27.894258268627212
826.0,9.0,3.0,16.262174656660516
671.0,20.0,5.0,18.514348310401594
102.0,79.0,4.0,37.87305760457495
574.0,54.0,19.0,45.211878240894535
1454.0,51.0,11.0,52.758992751707325
1406.0,22.0,19.0,36.897351918052316
919.0,41.0,2.0,36.24296107999422
1256.0,12.0,15.0,28.85172411170065
377.0,64.0,17.0,42.88370735456225
756.0,43.0,17.0,43.85086751560874
751.0,70.0,10.0,50.96079429362667
591.0,36.0,10.0,25.482482623219834
1447.0,25.0,3.0,35.899713111947925
1254.0,12.0,9.0,20.333733232296403
560.0,,15.0,20.762285485528324
467.0,3.0,18.0,12.795428559486176
476.0,43.0,11.0,31.489996553089757
601.0,22.0,14.0,28.101096285373455
295.0,14.0,5.0,19.563502560941018
303.0,72.0,12.0,40.527634709597045
969.0,14.0,6.0,20.736531738892936
270.0,35.0,10.0,26.011803645497977
1448.0,36.0,5.0,36.402825265456606
156.0,12.0,10.0,19.852470752693513
173.0,29.0,16.0,22.76619830475663
1059.0,53.0,1.0,39.072044365226304
303.0,63.0,6.0,38.34259315049229
1087.0,43.0,15.0,42.78748328762892
533.0,75.0,19.0,50.972754362955364
1156.0,12.0,10.0,25.584070299156284
599.0,37.0,5.0,31.014225819329805
1016.0,3.0,4.0,17.802067116451866
961.0,32.0,,29.775790917982995
153.0,71.0,16.0,36.870370324428684
934.0,78.0,16.0,50.69719048720617
94.0,52.0,1.0,22.139135216269217
689.0,57.0,18.0,44.82344701751225
233.0,64.0,13.0,38.72991085096471
97.0,3.0,17.0,8.436786045799174
1084.0,6.0,9.0,22.6235233616327
752.0,30.0,14.0,32.44332655699829
1315.0,41.0,4.0,42.123617089949356
458.0,63.0,8.0,36.376739855356085
945.0,17.0,14.0,30.12350983079832
,28.0,10.0,28.276289409655725
1117.0,60.0,16.0,50.40929330771111
1375.0,6.0,16.0,21.69970115622234
1324.0,6.0,6.0,23.58885347866248
482.0,72.0,12.0,41.23900767181067
1326.0,25.0,1.0,87.27041657385045
1024.0,40.0,11.0,38.68139392573452
1297.0,7.0,7.0,20.448222667005023
1080.0,71.0,2.0,48.82463479824695
584.0,25.0,19.0,30.205353576500418
725.0,38.0,3.0,32.30757803291692
1150.0,24.0,1.0,24.541109187658517
291.0,19.0,7.0,14.109272593735396
491.0,7.0,9.0,9.540947848691404
484.0,66.0,9.0,44.906612224004014
935.0,69.0,4.0,48.00242130284697
323.0,35.0,2.0,19.27911772607812
707.0,9.0,14.0,13.300210212308745
932.0,2.0,2.0,15.064787419921288
865.0,39.0,9.0,34.581094388895345
395.0,51.0,1.0,
712.0,68.0,13.0,44.16742126847175
272.0,73.0,1.0,34.91324112572973
,34.0,2.0,23.984342641284673
1148.0,67.0,18.0,52.376719235555775
724.0,20.0,6.0,21.055034445979338
131.0,34.0,19.0,23.70449460011692
385.0,59.0,2.0,36.59232119367996
922.0,51.0,17.0,37.907503890896976
813.0,71.0,10.0,46.06712269148027
409.0,21.0,15.0,22.48091862620233
1237.0,75.0,6.0,53.726805523818726
831.0,7.0,19.0,22.04696875145983
755.0,17.0,13.0,22.38087793837981
1247.0,74.0,2.0,49.57207315893237
376.0,4.0,14.0,16.93116408045407
506.0,16.0,18.0,19.52986673561115
629.0,,9.0,18.83603325854842
1406.0,72.0,10.0,59.74842556684521
,49.0,16.0,31.061657452966468
1073.0,30.0,14.0,43.11180704772555
969.0,23.0,4.0,23.776889131363973
1396.0,64.0,4.0,53.70206647544996
1147.0,10.0,8.0,19.710359209856883
658.0,26.0,2.0,23.25555228626291
1033.0,22.0,1.0,64.44917256671188
1031.0,62.0,1.0,44.0140942929492
1174.0,45.0,9.0,41.95748200862439
633.0,55.0,19.0,42.90694168150111
280.0,70.0,11.0,39.27028364211141
1179.0,13.0,3.0,23.295340084987913
661.0,49.0,16.0,35.78346314763441
1093.0,16.0,,25.483024313437184
684.0,23.0,14.0,24.77248088205684
356.0,61.0,15.0,41.70285624750179
991.0,74.0,7.0,51.96614226501872
905.0,68.0,6.0,52.479912727211904
985.0,59.0,19.0,49.04227512840765
661.0,23.0,16.0,24.854715149369937
1201.0,38.0,11.0,36.79153000267172
171.0,36.0,18.0,29.537635024454605
1487.0,19.0,10.0,37.92044589367458
607.0,4.0,13.0,15.898150897706676
1274.0,10.0,19.0,32.9182596334565
781.0,,5.0,14.428904531652522
467.0,19.0,,23.6392698275462
680.0,77.0,17.0,53.81019479246809
536.0,4.0,19.0,15.815986098932399
959.0,47.0,13.0,44.37522559318574
761.0,59.0,17.0,43.040620129406854
232.0,70.0,4.0,41.17838285775333
713.0,15.0,19.0,24.69595559350974
429.0,39.0,6.0,25.61502554739587
,47.0,8.0,35.65706800612747
1199.0,50.0,15.0,44.30612648396055
507.0,50.0,3.0,29.914090998359963
1024.0,10.0,3.0,21.042962448113155
917.0,37.0,16.0,38.36345472343641
658.0,54.0,14.0,38.22532147676788
162.0,69.0,17.0,42.71660516908283
462.0,6.0,4.0,9.890288105627224
1192.0,74.0,14.0,55.4726599936521
158.0,37.0,,25.338470436076047
734.0,66.0,17.0,42.91009075564777
261.0,,9.0,16.368638897550795
382.0,58.0,7.0,31.487025393678742
606.0,67.0,19.0,50.47484828191665
363.0,66.0,6.0,39.58659221943373
404.0,62.0,2.0,35.36432618944371
1381.0,53.0,5.0,43.98756502492291
246.0,12.0,10.0,13.084930648458805
506.0,14.0,19.0,20.434363634510774
1476.0,25.0,11.0,38.48738202647064
,63.0,7.0,37.59699441546898
1311.0,39.0,10.0,39.10399571126939
392.0,25.0,15.0,31.346000250065536
913.0,7.0,7.0,18.50512242479142
1269.0,8.0,,23.337512999851757
679.0,69.0,19.0,47.80849322423952
530.0,14.0,,23.53999777111819
992.0,14.0,1.0,21.823457987625567
1473.0,43.0,10.0,
1257.0,29.0,8.0,34.251429079204684
1390.0,66.0,4.0,46.77838672900465
377.0,56.0,2.0,32.55011997463634
792.0,3.0,12.0,20.01017201996543
381.0,14.0,13.0,17.11543361862561
362.0,12.0,18.0,16.6978609953506
295.0,34.0,15.0,28.992422881802973
425.0,19.0,9.0,20.220353846016316
843.0,3.0,3.0,12.904705661848798
1174.0,8.0,8.0,22.44601951808934
3628.0,64.0,16.0,46.56935603743525
236.0,63.0,8.0,41.129190330837005
736.0,44.0,2.0,33.195069005658524
641.0,27.0,3.0,21.90624796831093
943.0,59.0,13.0,39.15591931010272
249.0,71.0,2.0,37.92016979619014
970.0,36.0,1.0,29.971963201947876
91.0,32.0,2.0,17.601820162579457
1446.0,66.0,9.0,55.73113659977138
735.0,44.0,19.0,38.325471292642575
1455.0,49.0,8.0,47.28054438417745
1123.0,37.0,15.0,39.664541795892575
1045.0,53.0,9.0,44.67806937506002
465.0,70.0,19.0,50.29290192136084
797.0,14.0,13.0,26.31989887436122
1319.0,56.0,12.0,
876.0,62.0,19.0,44.49462477683522
1174.0,55.0,17.0,52.688422044383735
1237.0,78.0,3.0,58.7522514195195
851.0,64.0,15.0,54.033073444510215
988.0,21.0,16.0,32.01181603860157
335.0,69.0,12.0,41.600642050816106
618.0,35.0,8.0,25.375196387869444
816.0,25.0,18.0,29.788903114538353
397.0,14.0,7.0,13.684996416356237
5276.0,4.0,16.0,26.811283843756442
952.0,42.0,,36.4325707071224
1073.0,77.0,13.0,56.83850416768799
1040.0,39.0,5.0,37.48134609839302
175.0,32.0,5.0,16.407288718329212
1491.0,59.0,9.0,52.93615180645304
424.0,62.0,8.0,39.57154720936407
,77.0,13.0,121.76848949646075
966.0,20.0,19.0,30.438688402853604
877.0,,8.0,19.456576936931334
239.0,35.0,10.0,25.856239409025644
680.0,17.0,19.0,17.10573447543561
137.0,23.0,5.0,9.834216476479554
910.0,58.0,9.0,51.23761853155662
477.0,30.0,4.0,24.3067263952078
627.0,60.0,17.0,
1023.0,25.0,1.0,29.092523561628056
583.0,78.0,14.0,48.75284321326289
481.0,65.0,7.0,41.20030474930854
1282.0,63.0,6.0,45.293624031656904
358.0,50.0,19.0,
622.0,75.0,11.0,47.61690082045964
177.0,34.0,15.0,25.58124869097996
696.0,,16.0,47.83991612126693
630.0,23.0,10.0,27.807429732560273
876.0,16.0,6.0,20.65330473873192
444.0,71.0,4.0,44.22606092336843
592.0,73.0,14.0,46.236646170432586
844.0,24.0,9.0,25.2779795538037
466.0,75.0,13.0,51.53733738054398
181.0,3.0,9.0,11.785273592125472
508.0,79.0,14.0,50.99419817534406
518.0,70.0,12.0,49.85311211346208
1025.0,24.0,18.0,33.7669824701684
412.0,44.0,15.0,31.55840050858286
818.0,13.0,11.0,19.26348432873458
339.0,13.0,4.0,9.451079896489736
240.0,22.0,14.0,13.885461415776483
1019.0,3.0,3.0,21.800067950784495
1367.0,37.0,16.0,38.62299637909925
506.0,22.0,4.0,19.075966831014576
658.0,73.0,1.0,46.530140783050086
341.0,2.0,13.0,12.288971256613463
362.0,34.0,9.0,26.853747309172626
146.0,30.0,12.0,19.069136678245933
230.0,59.0,7.0,36.66440095842355
747.0,45.0,5.0,32.94586443637187
1406.0,76.0,2.0,54.1560534165953
350.0,61.0,9.0,38.32640532573814
900.0,27.0,19.0,30.609621258776755
1158.0,48.0,8.0,40.475362604352355
211.0,15.0,5.0,19.059100900857384
430.0,59.0,4.0,37.583274230665374
582.0,55.0,3.0,35.05158903512789
244.0,41.0,6.0,20.92750115357368
655.0,18.0,10.0,21.084326652457783
1145.0,72.0,5.0,53.08138965415437
482.0,8.0,,15.86374268223628
373.0,,12.0,37.235737152364024
765.0,63.0,9.0,37.41384416043664
127.0,21.0,6.0,15.410452719139245
200.0,75.0,10.0,36.269729780196975
530.0,57.0,9.0,36.655392986055105
945.0,18.0,11.0,26.51875809417642
868.0,77.0,14.0,49.625559439360615
857.0,25.0,17.0,25.504176832043388
807.0,9.0,17.0,22.73716181821867
504.0,,13.0,35.29325379036885
1078.0,21.0,3.0,27.78183996597501
1199.0,74.0,9.0,56.75331113089322
1142.0,60.0,1.0,46.798734111584416
423.0,32.0,4.0,23.036670960484006
,16.0,4.0,26.238739622132112
1432.0,,9.0,26.75033477417019
396.0,27.0,6.0,23.89726728750833
,73.0,6.0,46.43714564415293
1221.0,66.0,4.0,108.90099013865611
645.0,62.0,19.0,42.586017012767456
256.0,52.0,,32.87185008147715
554.0,66.0,3.0,40.741434510968254
889.0,31.0,1.0,25.863364954406943
804.0,77.0,12.0,53.16701333459698
391.0,13.0,14.0,19.298153523117385
700.0,59.0,15.0,41.856132816859095
1069.0,,1.0,
521.0,66.0,3.0,43.045172559103875
1190.0,45.0,7.0,40.95332465755882
472.0,49.0,19.0,38.95780458109596
1046.0,2.0,10.0,17.3052604559389
887.0,65.0,18.0,45.5935234868865
133.0,27.0,2.0,20.763653647097485
1365.0,58.0,,52.230446768276494
808.0,69.0,4.0,44.619962398224374
906.0,52.0,7.0,39.63710280891328
988.0,79.0,13.0,54.955693586916716
662.0,37.0,16.0,86.43976871991006
725.0,43.0,11.0,32.65088839674073
418.0,54.0,10.0,35.68836940686035
,55.0,6.0,44.64553101153454
1339.0,36.0,15.0,44.0035830536174
522.0,49.0,16.0,37.62618686276479
765.0,55.0,5.0,41.039451582010564
428.0,51.0,16.0,42.06815404207746
805.0,62.0,9.0,46.2612116580597
508.0,69.0,6.0,43.78697617892453
1015.0,12.0,15.0,26.247272793688154
886.0,19.0,7.0,26.265059046445668
1337.0,13.0,15.0,32.993148770940586
1352.0,18.0,16.0,30.154580573149758
1103.0,19.0,19.0,28.365587761118647
1355.0,12.0,8.0,23.010182504957594
1184.0,60.0,11.0,46.69865145441888
352.0,79.0,9.0,45.907886989461105
138.0,67.0,3.0,34.74898740090327
567.0,,1.0,40.24782671660237
1304.0,73.0,16.0,54.194543351993424
742.0,13.0,8.0,18.17425814815697
2024.0,35.0,7.0,30.3109615892953
1014.0,61.0,9.0,50.360178289309495
182.0,36.0,16.0,19.011165782998184
1277.0,45.0,13.0,
224.0,10.0,17.0,21.08296971513398
486.0,12.0,5.0,17.246694874149746
1119.0,79.0,8.0,55.36872600984715
1250.0,67.0,17.0,51.833420910250666
1269.0,68.0,10.0,50.50528570789262
722.0,29.0,5.0,26.240672656636907
239.0,59.0,1.0,34.66577602787985
898.0,11.0,12.0,26.507424430531458
286.0,24.0,17.0,19.74524231694734
1016.0,67.0,11.0,42.783468944028286
652.0,36.0,5.0,
782.0,28.0,5.0,24.55438982805209
1173.0,39.0,11.0,38.53466360515167
,13.0,,25.586877667104286
1327.0,13.0,5.0,29.30986541287375
394.0,10.0,14.0,16.926844446320736
84.0,16.0,16.0,16.841218242410463
1430.0,52.0,5.0,44.354521653008526
996.0,79.0,19.0,56.377849478750626
610.0,12.0,3.0,19.41708389602035
1170.0,47.0,7.0,41.01189535766638
1223.0,18.0,3.0,25.174314027147755
1383.0,21.0,2.0,28.655072667557217
1319.0,3.0,1.0,19.648029793251677
309.0,9.0,7.0,15.067646259730468
324.0,62.0,4.0,35.797269667418945
272.0,3.0,14.0,8.431564808698422
342.0,46.0,7.0,23.183171436507912
109.0,20.0,6.0,15.248100564633805
268.0,57.0,15.0,32.855128546001836
,46.0,19.0,37.630147954695225
610.0,16.0,11.0,20.03097906601355
,28.0,6.0,24.330210671899987
1168.0,40.0,8.0,34.9806744444977
1419.0,10.0,15.0,31.26838255615838
1370.0,18.0,7.0,27.45572636735354
1318.0,,18.0,59.88603741844686
402.0,41.0,17.0,33.97602602707621
118.0,52.0,19.0,37.677600538478195
1436.0,61.0,11.0,51.82731880139525
159.0,30.0,7.0,18.936922131616594
1466.0,36.0,2.0,37.106709686012216
471.0,14.0,12.0,16.489327824564292
1425.0,36.0,19.0,44.81473671817012
1157.0,33.0,11.0,37.68342918362075
826.0,14.0,19.0,22.49823901427054
119.0,32.0,2.0,16.57714849013167
1365.0,,17.0,52.80572662944707
556.0,45.0,11.0,35.40344584462326
642.0,19.0,4.0,20.891965875722008
1419.0,46.0,14.0,49.5715248607139
1118.0,43.0,5.0,39.83081736916775
423.0,11.0,18.0,22.58601166012005
93.0,34.0,19.0,30.859768443510788
738.0,8.0,,19.90176836711121
1108.0,52.0,6.0,44.218360934368455
553.0,48.0,13.0,29.645333666044365
1254.0,46.0,6.0,42.593837642085
314.0,33.0,15.0,24.23039222669189
1362.0,49.0,15.0,
163.0,22.0,15.0,18.65638873254044
355.0,69.0,5.0,47.90569309035746
1300.0,31.0,17.0,35.164339734329694
443.0,70.0,18.0,42.325976596453714
960.0,44.0,8.0,37.363622697838025
1193.0,20.0,7.0,30.00653339315777
1233.0,71.0,18.0,60.04081145010732
835.0,19.0,9.0,24.106464449545655
,6.0,10.0,15.070086277801082
153.0,46.0,9.0,29.59658547982245
1188.0,9.0,3.0,24.707985104118038
225.0,65.0,16.0,35.31855863792514
448.0,54.0,7.0,36.92621553407507
965.0,48.0,5.0,36.10676815416068
1073.0,72.0,13.0,51.51969322263162
1337.0,60.0,15.0,51.2498177731899
374.0,40.0,5.0,26.07016838342356
557.0,65.0,12.0,42.20018049548753
1392.0,74.0,16.0,57.74889004519641
725.0,42.0,1.0,32.96755005260383
355.0,67.0,19.0,42.54771408880657
330.0,14.0,7.0,20.416214676699646
1436.0,42.0,11.0,41.80420093611757
1125.0,44.0,17.0,43.478614825966034
740.0,15.0,19.0,25.26281857089847
390.0,15.0,8.0,17.903656730374774
541.0,11.0,14.0,19.51480355748155
1038.0,56.0,7.0,37.466182324214245
307.0,49.0,9.0,28.117010750357483
468.0,50.0,7.0,35.47116469689031
1028.0,33.0,18.0,32.51311132940589
675.0,57.0,13.0,39.06069812671359
775.0,66.0,17.0,45.24623537398616
973.0,58.0,1.0,46.7922808675512
968.0,29.0,14.0,36.26953490012989
695.0,39.0,19.0,37.772006008633866
1406.0,42.0,9.0,46.81958851837929
,48.0,13.0,31.526327044269866
428.0,68.0,18.0,44.43414031991358
,,13.0,28.678947533908964
693.0,21.0,13.0,23.264324030562676
1474.0,28.0,12.0,38.18277004575212
1115.0,7.0,9.0,21.938851244558148
574.0,28.0,8.0,28.13686405536933
,73.0,4.0,49.648801815959764
603.0,20.0,5.0,28.138690774577494
489.0,36.0,1.0,32.228699247570404
240.0,63.0,,36.4743110409215
1144.0,48.0,18.0,46.58276219477918
1461.0,66.0,5.0,53.6605496533216
107.0,51.0,13.0,38.97888234630092
878.0,7.0,9.0,20.918899865793524
300.0,21.0,1.0,15.247746439817055
523.0,60.0,18.0,42.06469503867909
193.0,10.0,,11.766663960357823
166.0,15.0,10.0,14.267640117448543
282.0,16.0,11.0,17.19046075797451
1121.0,71.0,10.0,51.343164797758334
661.0,57.0,14.0,43.25599992342784
1317.0,60.0,9.0,49.546296988875305
852.0,47.0,7.0,33.2952869976494
725.0,19.0,15.0,28.524696497280544
769.0,45.0,5.0,32.81918088619175
621.0,73.0,9.0,44.639982476725706
1273.0,48.0,10.0,39.156634086467825
452.0,35.0,15.0,
253.0,25.0,4.0,40.86329991372102
602.0,48.0,14.0,39.72704909066211
1041.0,71.0,6.0,49.622978069775144
1053.0,27.0,7.0,32.35015351375042
673.0,13.0,12.0,22.167594949408894
1490.0,41.0,3.0,41.123683615427815
325.0,,3.0,24.808459286626068
1252.0,17.0,17.0,32.153950511998936
374.0,61.0,19.0,41.55132022446541
1198.0,75.0,6.0,55.497173708854795
234.0,6.0,12.0,15.69929027835966
963.0,51.0,12.0,42.65167642295957
1448.0,4.0,1.0,18.13198234717055
1486.0,75.0,7.0,60.85644781360999
869.0,12.0,15.0,22.650631804133774
374.0,58.0,13.0,31.716684467220183
1412.0,26.0,10.0,29.0876389639808
560.0,52.0,1.0,33.13163685618034
1228.0,50.0,11.0,40.82458638946028
597.0,38.0,8.0,31.45484184069292
1259.0,39.0,8.0,
1324.0,10.0,8.0,25.89909049656187
726.0,48.0,12.0,37.04430786052484
871.0,72.0,15.0,
554.0,65.0,6.0,99.79121586702142
926.0,35.0,7.0,32.629477547025886
1445.0,43.0,8.0,41.843999395803024
1079.0,52.0,11.0,42.53607956510047
1183.0,7.0,13.0,25.973823360475368
1414.0,31.0,8.0,36.09877060088389
904.0,13.0,17.0,25.04889382630621
1168.0,51.0,5.0,37.44577566404116
,64.0,3.0,44.21541677441243
335.0,48.0,1.0,26.326797469333112
835.0,18.0,5.0,19.26135175359647
1234.0,72.0,4.0,50.54505349542117
678.0,35.0,8.0,27.208810314303143
483.0,18.0,16.0,21.82334767264513
1309.0,54.0,19.0,50.948722556254125
1352.0,43.0,15.0,45.39014625416887
213.0,71.0,9.0,38.941371293566625
508.0,11.0,19.0,23.843250311847328
1119.0,74.0,15.0,56.533289302128736
716.0,7.0,17.0,20.34691528127025
795.0,56.0,16.0,45.80235514118721
,2.0,17.0,19.141603600559733
820.0,59.0,6.0,37.49113022284945
1069.0,18.0,15.0,28.526255632707695
1381.0,55.0,13.0,52.76017762445188
766.0,13.0,3.0,22.926907894349956
571.0,62.0,15.0,42.215510291512494
1004.0,60.0,17.0,49.077074968455996
1311.0,69.0,8.0,52.08197967883294
1339.0,64.0,6.0,53.921161893496276
395.0,76.0,17.0,51.42230866733939
1393.0,17.0,1.0,30.9597056081476
603.0,37.0,14.0,29.330469715068894
696.0,63.0,10.0,46.34276345357314
891.0,32.0,11.0,33.19579388702783
831.0,5.0,13.0,19.43619728467191
,62.0,1.0,40.639062885170084
813.0,47.0,12.0,37.7885946293144
1214.0,42.0,18.0,46.311998278584646
285.0,55.0,7.0,32.49271972724145
1078.0,78.0,4.0,46.47181083743567
968.0,13.0,8.0,20.905191763736116
1235.0,45.0,11.0,41.200787656130615
5160.0,47.0,3.0,45.60604364100956
515.0,67.0,19.0,48.53890943402344
,8.0,16.0,27.46163210471892
728.0,53.0,9.0,36.11792715457119
1369.0,64.0,18.0,50.17447046041319
477.0,17.0,6.0,14.983549483493682
779.0,16.0,17.0,24.03581003358614
1091.0,46.0,15.0,40.56786857784091
1480.0,7.0,1.0,26.566816919835862
415.0,22.0,7.0,22.306387882652366
981.0,70.0,11.0,48.429889057312266
753.0,32.0,3.0,24.56766066140092
543.0,79.0,1.0,48.06579552801516
3640.0,36.0,12.0,29.384860096584344
361.0,21.0,19.0,25.19291643512222
458.0,61.0,4.0,40.372563220187665
1332.0,11.0,,29.689547665810434
123.0,67.0,6.0,33.74973742403109
382.0,72.0,2.0,43.0153604035184
302.0,34.0,18.0,27.746603687019945
404.0,36.0,11.0,24.005610167546198
578.0,52.0,9.0,39.17994430728175
700.0,18.0,,17.699317630902545
2860.0,25.0,14.0,28.750281088907023
1491.0,22.0,4.0,34.68556286241999
963.0,42.0,9.0,33.363911710116625
250.0,43.0,2.0,27.5408202909808
1444.0,7.0,10.0,24.911182794730202
312.0,59.0,1.0,32.739830428080516
809.0,23.0,4.0,22.93755829267327
832.0,,9.0,43.77113751429207
1470.0,63.0,16.0,54.64079194350831
1201.0,46.0,17.0,44.681304901045245
88.0,59.0,3.0,33.26545965272499
94.0,13.0,2.0,10.864058176358652
1077.0,34.0,10.0,35.15761142083085
544.0,31.0,11.0,25.153659308027827
782.0,17.0,9.0,21.12698160577281
94.0,,11.0,31.33738686566442
869.0,21.0,16.0,24.28785315217199
1040.0,48.0,15.0,44.53549948751344
548.0,51.0,13.0,44.62718053787164
982.0,16.0,14.0,25.993971259546743
284.0,31.0,14.0,27.078328167481306
1275.0,66.0,16.0,52.38703598351188
430.0,29.0,1.0,19.29056538866731
376.0,55.0,3.0,35.73551710623583
253.0,58.0,13.0,
1012.0,67.0,6.0,44.7588189970244
1038.0,49.0,17.0,41.882450699032205
451.0,36.0,15.0,27.305741697178625
1284.0,57.0,4.0,44.21906967910187
1113.0,56.0,17.0,46.59001696887757
186.0,5.0,17.0,15.617465597308906
3752.0,5.0,19.0,22.946939239479036
137.0,66.0,14.0,40.0654238689339
1420.0,12.0,2.0,27.34365090720132
1470.0,53.0,7.0,47.9524317393608
144.0,77.0,6.0,41.85246992093465
,7.0,14.0,18.716893862867195
998.0,31.0,3.0,33.23295943613049
554.0,25.0,9.0,18.705713367539555
900.0,5.0,1.0,18.540423429302454
601.0,76.0,19.0,51.05504281310171
396.0,6.0,15.0,16.766163372019996
250.0,18.0,,9.023390986715313
593.0,69.0,12.0,43.62794517588513
991.0,49.0,4.0,39.64740799568648
2284.0,64.0,12.0,44.89711244710035
246.0,8.0,12.0,19.82518297613286
90.0,57.0,12.0,35.26524359600931
806.0,50.0,4.0,40.24075907767357
655.0,34.0,13.0,25.718050615338594
690.0,29.0,12.0,29.695097675368526
603.0,13.0,4.0,12.44721670144768
1200.0,14.0,15.0,29.743432079137325
705.0,5.0,6.0,15.366986783928319
531.0,36.0,18.0,31.296266243598183
571.0,45.0,2.0,38.78594786630624
558.0,5.0,18.0,20.62745518317619
1335.0,24.0,8.0,31.483141126654
878.0,26.0,9.0,28.291100123001847
1449.0,22.0,6.0,33.72725350813698
270.0,9.0,13.0,47.598551394901904
1166.0,57.0,4.0,44.86717967759304
1402.0,4.0,19.0,23.917091098036458
730.0,58.0,13.0,44.811794466847566
1024.0,,6.0,39.407374136954644
1190.0,14.0,17.0,30.8741775205158
438.0,29.0,17.0,28.60495163093469
1028.0,4.0,10.0,21.523193412967366
488.0,33.0,19.0,27.089346815679356
1326.0,12.0,5.0,26.719357351332146
187.0,4.0,19.0,13.824221648089232
158.0,68.0,4.0,36.95054661393021
791.0,,5.0,39.131343370310425
483.0,6.0,12.0,13.801748774619874
1435.0,67.0,3.0,47.888040868088204
321.0,9.0,11.0,15.605337819317668
4228.0,65.0,16.0,53.84147012678912
1335.0,25.0,16.0,38.51291575939376
685.0,24.0,4.0,20.294718737009383
1180.0,77.0,2.0,55.975441900432926
1004.0,34.0,11.0,29.461335134411698
511.0,19.0,19.0,22.067563103479852
888.0,49.0,4.0,39.57254723619976
1221.0,70.0,16.0,60.82257749896548
1485.0,68.0,3.0,55.077662114936324
254.0,42.0,1.0,28.3219852255194
742.0,43.0,19.0,39.782284369322646
1366.0,64.0,8.0,46.86895348120562
1370.0,43.0,2.0,38.746351902512394
1212.0,33.0,15.0,37.8810418834396
1037.0,35.0,5.0,30.519056663183402
991.0,56.0,11.0,44.447186880861985
495.0,29.0,11.0,23.949206498693076
330.0,51.0,2.0,32.19774540669512
1255.0,15.0,10.0,28.085245096636953
1120.0,41.0,18.0,48.83735362715309
943.0,53.0,11.0,40.30474034914344
490.0,40.0,14.0,28.85419804811245
95.0,66.0,10.0,38.451969502847746
430.0,50.0,1.0,34.993580881334836
122.0,,1.0,37.99066668246841
145.0,77.0,,41.87149031340261
974.0,58.0,11.0,41.179236789831286
101.0,74.0,16.0,46.54960081965693
746.0,7.0,6.0,19.237430130065167
451.0,7.0,,7.528360736480877
954.0,6.0,2.0,19.410546067111756
1311.0,19.0,9.0,
1133.0,66.0,7.0,50.818165241533535
1324.0,25.0,16.0,33.92670232616309
690.0,10.0,16.0,17.150816157892958
1305.0,16.0,19.0,28.97974638525551
762.0,73.0,7.0,46.61425868075485
1215.0,34.0,12.0,34.5032751896977
875.0,40.0,2.0,29.43870863751298
840.0,18.0,12.0,20.810436834779313
156.0,8.0,11.0,8.674328113823218
1488.0,69.0,5.0,46.27596834655532
421.0,20.0,3.0,18.783809663303963
1172.0,44.0,6.0,38.813214514519835
388.0,11.0,,15.063654701995436
743.0,78.0,7.0,55.55497981855699
478.0,29.0,10.0,27.175512491254015
1452.0,70.0,4.0,53.9102822263425
1385.0,51.0,18.0,52.90749899005391
354.0,51.0,8.0,27.80925951481674
352.0,39.0,14.0,29.13320792852053
398.0,63.0,14.0,42.159730023442485
159.0,22.0,12.0,17.0125551367428
1445.0,17.0,15.0,29.52017556465778
1014.0,65.0,12.0,44.348031810481416
657.0,36.0,19.0,34.464221619107256
767.0,21.0,15.0,29.666179093032127
168.0,63.0,19.0,41.820753607725266
1423.0,42.0,13.0,45.72579456022263
1463.0,31.0,12.0,38.28517918433494
551.0,38.0,19.0,33.68357483847779
862.0,2.0,10.0,18.120761822225962
350.0,37.0,13.0,32.779526804250935
695.0,33.0,16.0,30.27501849232484
1479.0,43.0,16.0,43.642706452146044
727.0,46.0,6.0,32.945079459931776
953.0,20.0,11.0,31.745367975354903
1344.0,68.0,7.0,50.693452209798615
653.0,64.0,8.0,39.8249789725548
1342.0,43.0,18.0,47.684033355589655
1362.0,76.0,11.0,54.176480992150424
223.0,25.0,5.0,20.710797936372703
928.0,79.0,17.0,57.64860868230595
1151.0,28.0,4.0,73.00072057464115
155.0,76.0,9.0,45.98004374672784
1061.0,38.0,16.0,35.945195085989084
481.0,19.0,19.0,19.948256348536688
451.0,70.0,18.0,47.461666382359425
1368.0,52.0,8.0,44.13561321816668
551.0,53.0,7.0,37.643868104518724
351.0,2.0,4.0,11.0042997021774
173.0,5.0,5.0,6.144457044946806
359.0,68.0,15.0,42.25539965873122
766.0,32.0,18.0,33.33515963821628
647.0,18.0,5.0,14.338343137513357
233.0,72.0,4.0,35.635314188920184
272.0,35.0,2.0,21.649721801238396
554.0,40.0,14.0,29.17587807160916
1065.0,14.0,15.0,24.91444838476518
482.0,54.0,11.0,34.07895853195931
317.0,27.0,12.0,22.20828260925584
1391.0,9.0,19.0,29.430285161754306
666.0,29.0,4.0,17.82223281269473
1244.0,19.0,5.0,
1062.0,15.0,19.0,32.96419132067541
714.0,55.0,,41.788654382439084
563.0,,15.0,23.97771061983585
1268.0,70.0,12.0,51.859501816014436
1181.0,49.0,16.0,42.313013040982284
1036.0,70.0,4.0,46.15242618110296
599.0,12.0,11.0,21.273747615166965
676.0,,5.0,48.461331908677145
188.0,44.0,13.0,29.476279916267565
413.0,44.0,12.0,37.45378032596932
961.0,37.0,12.0,36.003059843985056
1304.0,48.0,13.0,41.6557504416315
370.0,29.0,6.0,24.622809095430974
1364.0,25.0,18.0,35.85123390104867
629.0,70.0,11.0,43.58008514843457
1055.0,77.0,17.0,58.23199688381777
1058.0,56.0,13.0,42.85949597425475
1499.0,36.0,13.0,44.167956448861595
402.0,,7.0,34.53225211493156
578.0,30.0,1.0,23.752209800642408
165.0,19.0,3.0,12.150537353472307
1426.0,34.0,16.0,42.181191868115285
736.0,70.0,12.0,47.80756228576909
911.0,19.0,6.0,25.947992453424725
763.0,16.0,4.0,21.639090916328698
969.0,12.0,10.0,25.25230982958085
1022.0,17.0,12.0,29.355448711682072
1308.0,28.0,17.0,39.94711403300378
1071.0,5.0,16.0,26.46707190701794
1413.0,19.0,17.0,33.28829187244888
982.0,22.0,13.0,31.81403292294639
1233.0,5.0,18.0,23.162163757827607
693.0,29.0,18.0,31.585165255238937
314.0,51.0,8.0,37.95303521538493
818.0,18.0,1.0,24.074783487570084
608.0,75.0,6.0,46.28747120325556
499.0,33.0,14.0,32.12594497347857
485.0,3.0,19.0,16.350083415782237
1404.0,24.0,18.0,37.25098340001513
526.0,25.0,16.0,26.79073263639686
1268.0,53.0,4.0,46.79400594594372
704.0,28.0,3.0,21.42074073351489
808.0,44.0,9.0,99.43476359042201
674.0,41.0,17.0,83.78508531735744
182.0,64.0,19.0,40.0054389548889
476.0,66.0,19.0,47.036845452559966
598.0,58.0,5.0,32.99348577943748
1040.0,77.0,1.0,54.56594409022135
479.0,12.0,11.0,21.527846859937927
482.0,4.0,13.0,10.791798720178287
470.0,31.0,10.0,26.05517416064791
347.0,4.0,8.0,16.112075861845273
1152.0,28.0,16.0,32.57117600287577
1087.0,,7.0,63.56261745682797
2056.0,52.0,14.0,36.36178690234711
329.0,23.0,5.0,16.685871009187753
389.0,63.0,,38.95975627463259
826.0,22.0,1.0,25.14079498338659
245.0,4.0,17.0,19.994580368898802
925.0,18.0,9.0,26.136899212564806
197.0,57.0,17.0,35.06798719552383
789.0,63.0,9.0,44.61890705789995
393.0,43.0,1.0,23.147904152917036
890.0,28.0,5.0,30.735730314993006
528.0,68.0,3.0,38.5372388583548
841.0,5.0,6.0,16.89543452204569
768.0,24.0,16.0,30.202829114297117
,22.0,4.0,27.335607555723982
794.0,69.0,6.0,49.56265438159759
866.0,28.0,4.0,24.198545747912657
890.0,,9.0,48.723617175600566
415.0,46.0,17.0,93.8627301240185
391.0,19.0,18.0,26.563808073874295
913.0,74.0,18.0,53.16398601393415
698.0,51.0,8.0,35.36759387193982
1398.0,39.0,9.0,41.93714813633019
365.0,9.0,6.0,16.153553886817217
792.0,40.0,2.0,21.3255994663524
419.0,11.0,,15.961964919754195
626.0,56.0,4.0,33.941018615612094
1385.0,21.0,,37.28199495210318
551.0,66.0,13.0,44.07547672242552
348.0,56.0,16.0,35.82843123508388
863.0,71.0,17.0,
938.0,26.0,19.0,29.355193041063334
1381.0,38.0,16.0,46.728662603856016
1269.0,41.0,9.0,40.4374391730541
1398.0,35.0,15.0,
225.0,45.0,,36.70948921113913
1004.0,45.0,5.0,
705.0,18.0,4.0,22.365662565554743
1089.0,14.0,10.0,22.614176035836334
1301.0,62.0,8.0,47.103262739663194
1372.0,20.0,15.0,28.767335448933654
285.0,41.0,19.0,33.53339860125529
408.0,6.0,17.0,15.463966835746978
1335.0,20.0,4.0,27.230511585320535
941.0,77.0,3.0,46.4222042136309
1343.0,4.0,19.0,29.953337710141636
1339.0,7.0,2.0,17.847408914792716
404.0,13.0,10.0,18.67186636506761
,45.0,3.0,37.149279827461925
793.0,54.0,1.0,36.53916695885555
104.0,46.0,16.0,29.61509520173837
686.0,38.0,14.0,32.36914779001931
580.0,35.0,15.0,32.666876594403035
591.0,6.0,3.0,16.303160787587593
299.0,61.0,8.0,36.04674978323527
710.0,48.0,1.0,27.803899777723753
1048.0,22.0,16.0,26.402686142302983
1157.0,24.0,7.0,29.280456976816808
223.0,50.0,10.0,31.791342393152984
,55.0,6.0,39.22859613731288
250.0,35.0,11.0,26.984513420763264
1216.0,20.0,19.0,34.8069564915163
732.0,41.0,15.0,38.68942583762481
108.0,20.0,3.0,7.523438704141601
1255.0,48.0,16.0,51.26879585292619
796.0,23.0,8.0,24.032165308209212
1496.0,24.0,6.0,29.995610957735146
585.0,52.0,5.0,33.23073455984765
858.0,43.0,9.0,32.795858383701386
974.0,12.0,8.0,25.95292706130445
505.0,,10.0,47.04619114266771
1209.0,27.0,10.0,35.27580792226703
903.0,75.0,13.0,50.54489282531485
1042.0,12.0,14.0,27.01080510826275
1041.0,20.0,14.0,31.07429351750853
846.0,47.0,9.0,37.01683234332448
5228.0,26.0,10.0,35.13135514886304
803.0,32.0,12.0,27.980394301660688
474.0,55.0,4.0,34.90102392348042
1131.0,77.0,10.0,46.45403587135511
1046.0,22.0,15.0,31.75855974201946
1071.0,16.0,6.0,30.7146878419958
,5.0,9.0,26.792382324437668
1243.0,66.0,14.0,52.980449077026606
958.0,4.0,1.0,18.530852850388904
,,14.0,36.277911267972776
1229.0,76.0,2.0,47.40198447990485
1198.0,74.0,3.0,52.17028177326253
1099.0,53.0,6.0,42.22737819547254
1012.0,49.0,6.0,
1116.0,16.0,12.0,25.44886644302955
201.0,68.0,6.0,39.06783426415197
953.0,77.0,5.0,47.913707431324575
821.0,23.0,4.0,27.30513115216183
715.0,8.0,4.0,
127.0,3.0,4.0,8.90436152655508
908.0,52.0,4.0,39.70832640381414
1141.0,33.0,16.0,34.59234924832414
598.0,12.0,9.0,24.840383456003764
183.0,76.0,1.0,40.951211696439955
1491.0,77.0,14.0,55.24509166494243
631.0,2.0,17.0,18.41394486106774
1284.0,71.0,11.0,58.26610014342616
284.0,26.0,11.0,26.284565232286827
835.0,35.0,14.0,32.874447780780244
1224.0,24.0,17.0,32.28961269718313
640.0,26.0,2.0,20.892454826897037
1454.0,58.0,6.0,47.50227949880219
1034.0,55.0,12.0,41.98134263843598
411.0,28.0,11.0,17.417577024012058
943.0,47.0,1.0,33.64659350144652
1256.0,65.0,12.0,58.09097905336374
346.0,74.0,18.0,45.05990555301985
464.0,72.0,12.0,47.38337404971119
347.0,4.0,11.0,10.824491990973655
1396.0,27.0,3.0,34.510487255757944
1150.0,18.0,13.0,34.850088852328106
1052.0,61.0,5.0,48.35819183952201
1337.0,26.0,4.0,33.058877115121035
1286.0,5.0,,27.805257568162506
208.0,26.0,6.0,14.470823838275187
672.0,77.0,19.0,51.6659813899098
766.0,40.0,15.0,
1321.0,44.0,10.0,41.87698004993515
,55.0,14.0,45.76049560799725
735.0,15.0,11.0,17.093414113385737
741.0,28.0,19.0,31.525444316036022
642.0,59.0,4.0,35.155743009207114
946.0,56.0,2.0,37.45332255944406
1390.0,16.0,5.0,24.176672005645912
661.0,52.0,12.0,36.4647117039892
1453.0,47.0,14.0,45.87026523421403
639.0,57.0,9.0,44.10359184606169
728.0,28.0,10.0,33.04036541767786
1167.0,43.0,17.0,40.75085446424785
685.0,44.0,8.0,38.593641211636644
,77.0,6.0,53.98085888365893
1017.0,70.0,9.0,54.76604513587963
524.0,30.0,7.0,24.782087281865643
1118.0,6.0,17.0,23.30026313572537
767.0,55.0,2.0,41.641103227710204
781.0,9.0,9.0,18.220003864803548
1393.0,78.0,5.0,58.05182013412885
745.0,53.0,19.0,45.73880835792953
103.0,10.0,12.0,10.503849241168302
329.0,59.0,13.0,37.74300638472655
896.0,72.0,6.0,47.18837199388761
542.0,12.0,3.0,13.958786838806844
1267.0,24.0,11.0,28.21727873659747
393.0,58.0,,39.14513945387444
480.0,20.0,7.0,18.86277294285708
1235.0,71.0,8.0,48.911384468537776
357.0,22.0,5.0,19.430165699402583
1349.0,5.0,11.0,26.892735067785484
1293.0,66.0,4.0,52.5462358933603
1037.0,71.0,14.0,50.22151104446807
1144.0,70.0,16.0,50.491215659727196
1414.0,17.0,4.0,27.15293432222832
994.0,61.0,8.0,44.119733656111435
512.0,55.0,6.0,39.32084850088915
655.0,13.0,1.0,13.427326699931939
806.0,55.0,10.0,44.76835359948596
531.0,56.0,6.0,35.73418662716377
864.0,68.0,7.0,
758.0,67.0,14.0,45.61013044530771
1085.0,45.0,1.0,
965.0,9.0,14.0,21.43414689099486
1231.0,12.0,7.0,27.31058960477459
1184.0,4.0,4.0,21.264287222772765
1036.0,76.0,13.0,
1431.0,75.0,10.0,58.566115527276814
1119.0,46.0,1.0,35.12796191808186
,28.0,7.0,19.495400190455463
149.0,57.0,6.0,32.05057086855029
1195.0,10.0,14.0,28.157766612222893
655.0,49.0,16.0,34.07981644289926
219.0,24.0,17.0,21.581534144781592
935.0,63.0,13.0,41.557279732720886
352.0,67.0,18.0,39.96104039565627
471.0,69.0,3.0,42.10331018122384
912.0,3.0,12.0,23.94706887084176
249.0,68.0,16.0,41.896556854655316
1383.0,31.0,1.0,34.52728183320019
552.0,17.0,8.0,17.354969954033212
629.0,68.0,8.0,
939.0,45.0,5.0,34.33086485600659
351.0,,16.0,48.092314649973204
761.0,5.0,15.0,18.14620299223864
1285.0,35.0,11.0,41.561722640290014
555.0,12.0,,13.477624593761702
1235.0,54.0,1.0,39.080160405547005
671.0,13.0,11.0,28.85076876130986
450.0,26.0,4.0,25.98773648745838
111.0,69.0,8.0,
88.0,56.0,6.0,32.42788186661377
431.0,50.0,2.0,
641.0,48.0,10.0,35.486193406260824
1313.0,67.0,6.0,50.830427247449215
551.0,45.0,,29.58410020166489
596.0,28.0,1.0,30.85543309378155
1210.0,33.0,3.0,32.099415282432204
1116.0,13.0,14.0,26.4117236715307
173.0,66.0,11.0,36.93803734615597
628.0,43.0,4.0,32.7939564395784
782.0,64.0,17.0,49.54818298377478
307.0,16.0,18.0,18.98307080742595
1137.0,75.0,16.0,57.5143410033006
551.0,46.0,3.0,33.13540012210578
1158.0,3.0,4.0,16.688529782630866
1449.0,40.0,15.0,39.19652263193605
916.0,26.0,8.0,29.06153307146378
796.0,29.0,12.0,31.958426602399545
1062.0,78.0,9.0,54.07515059567547
1256.0,3.0,16.0,26.97307689987875
,47.0,8.0,26.21217109840818
858.0,79.0,8.0,51.96686392158133
282.0,8.0,3.0,
1209.0,39.0,16.0,37.692971158037636
455.0,19.0,1.0,17.539917771182296
862.0,54.0,14.0,47.450676015560845
493.0,11.0,17.0,19.694775900650615
1234.0,20.0,6.0,29.23676645689802
958.0,56.0,8.0,41.509867296828894
113.0,9.0,3.0,8.454161006674603
1157.0,34.0,3.0,31.402829195601313
141.0,5.0,7.0,8.749502552874604
956.0,11.0,4.0,21.70699377244598
393.0,73.0,7.0,43.26772848533691
1303.0,28.0,12.0,37.42692781698784
995.0,43.0,15.0,40.44010570430242
909.0,41.0,12.0,35.58393836426661
1489.0,56.0,2.0,44.62383024070666
905.0,30.0,2.0,23.879502473104726
771.0,25.0,3.0,20.12003549268191
277.0,42.0,2.0,28.68430847849996
223.0,60.0,11.0,36.14678250322607
821.0,38.0,19.0,37.79057346890561
773.0,56.0,8.0,44.919426912160596
1013.0,41.0,17.0,35.442687626563675
1044.0,55.0,11.0,
1245.0,3.0,13.0,19.678281452420087
423.0,49.0,15.0,32.813248408306066
398.0,65.0,4.0,41.39620569154709
1176.0,63.0,9.0,47.6595185417054
865.0,53.0,,107.68194384638171
255.0,2.0,15.0,11.329047098447719
972.0,36.0,9.0,36.5376106839455
1447.0,68.0,8.0,50.73557392981433
746.0,25.0,13.0,27.931702315078013
1473.0,32.0,12.0,37.08029585786643
843.0,43.0,4.0,28.568146736967883
1410.0,35.0,19.0,40.68803765237709
231.0,47.0,13.0,28.27682176531021
441.0,8.0,1.0,12.281152968069728
751.0,44.0,2.0,33.71122272428366
798.0,57.0,10.0,35.176147373766256
946.0,18.0,11.0,30.11243833738466
288.0,38.0,6.0,29.587387988945874
351.0,13.0,16.0,22.70186370404561
,60.0,12.0,53.079402924620915
493.0,19.0,8.0,21.951545327051264
783.0,79.0,11.0,47.95409825903156
,33.0,2.0,19.000842551082428
325.0,29.0,18.0,32.47536282991419
1229.0,16.0,18.0,30.305664850233597
194.0,7.0,12.0,15.664841224644922
909.0,36.0,14.0,32.120262373565616
4260.0,22.0,17.0,32.253409900162445
1451.0,28.0,16.0,39.70842428107435
81.0,78.0,12.0,47.639738256024074
,68.0,12.0,50.11375367363299
286.0,16.0,4.0,17.05849366393818
1324.0,78.0,8.0,54.69029646790471
1066.0,18.0,18.0,33.05831106754789
792.0,22.0,12.0,27.931228265001298
387.0,62.0,3.0,34.35152344896343
737.0,62.0,17.0,43.39339957013972
803.0,75.0,13.0,44.153096043217786
859.0,78.0,11.0,57.040081189222384
1037.0,19.0,14.0,30.191045906734868
883.0,39.0,6.0,35.79621173646538
1484.0,75.0,5.0,38.81348032822429
931.0,59.0,12.0,50.63782073958189
208.0,32.0,10.0,22.840955851011284
650.0,27.0,17.0,29.298831792875294
442.0,27.0,6.0,20.343119868823067
743.0,38.0,5.0,27.86695129944633
926.0,20.0,13.0,28.056146522916514
1030.0,16.0,3.0,22.32628709885707
1387.0,51.0,9.0,45.793112914782604
1468.0,42.0,1.0,37.86181116408829
619.0,25.0,8.0,23.8495946570921
1381.0,57.0,17.0,60.90992540908327
834.0,50.0,9.0,33.692076212144386
1467.0,25.0,7.0,32.95585066346559
378.0,39.0,1.0,28.450956552548636
1235.0,41.0,1.0,41.39341544210936
328.0,61.0,2.0,31.622177643283674
741.0,5.0,9.0,16.566793898226113
540.0,65.0,15.0,40.34421706850363
,3.0,10.0,
1436.0,19.0,16.0,33.16241285275133
462.0,47.0,1.0,31.302806838252216
934.0,47.0,9.0,36.98428249542469
519.0,64.0,6.0,40.77296084495463
356.0,54.0,19.0,31.856032803392708
750.0,62.0,12.0,46.255366640426175
1075.0,18.0,8.0,27.088870170451962
110.0,5.0,14.0,
688.0,31.0,15.0,31.03445195411485
628.0,50.0,13.0,38.22806232051433
225.0,79.0,3.0,42.07020832356555
844.0,5.0,12.0,26.34490193419726
1307.0,71.0,19.0,57.55418758837038
1449.0,31.0,15.0,45.85882977283445
266.0,20.0,5.0,10.436537403472707
1350.0,20.0,6.0,31.930911962406597
1231.0,53.0,5.0,43.441319600111115
882.0,55.0,10.0,36.61423064242846
504.0,36.0,,
109.0,57.0,12.0,31.683063727965298
859.0,36.0,2.0,33.711846607727566
501.0,24.0,12.0,24.035333175291033
690.0,61.0,19.0,47.18863185928768
1043.0,57.0,13.0,50.41656825947921
1072.0,79.0,9.0,49.69897424687469
609.0,16.0,16.0,23.214094170546588
760.0,62.0,3.0,45.74229724730387
1149.0,67.0,3.0,48.85805939362741
992.0,20.0,4.0,31.725598355136704
864.0,14.0,14.0,23.89532480175158
1440.0,,1.0,43.84074013200733
1138.0,74.0,13.0,47.94655589582625
685.0,68.0,6.0,38.50143865396578
934.0,57.0,6.0,43.0894259899984
1019.0,26.0,7.0,29.675768743132416
,65.0,7.0,53.72765299389043
1391.0,34.0,15.0,41.88240048235442
,65.0,6.0,31.717216038909797
1277.0,8.0,12.0,24.57190384749548
1048.0,18.0,4.0,29.14930787324134
1180.0,36.0,7.0,37.30064759608652
228.0,49.0,1.0,28.961236445784216
96.0,3.0,13.0,4.448676185800152
317.0,18.0,18.0,17.38640961605895
642.0,47.0,11.0,33.280413203807186
518.0,13.0,13.0,23.619524861142953
1465.0,53.0,11.0,47.8640934495414
138.0,66.0,6.0,40.84991424856806
871.0,6.0,13.0,20.770883919355004
766.0,50.0,11.0,37.91823465750059
520.0,,18.0,27.707066037657633
925.0,50.0,8.0,36.67794734050904
491.0,4.0,16.0,15.889926079745367
1486.0,2.0,19.0,28.462978885136767
1219.0,12.0,12.0,29.123694880589646
1022.0,75.0,6.0,51.67600441485482
1444.0,12.0,19.0,35.22730840607956
903.0,33.0,13.0,34.17708210831702
677.0,43.0,18.0,35.581190292099905
240.0,73.0,11.0,42.93313194442369
323.0,62.0,3.0,93.62633639931113
1105.0,51.0,17.0,44.85728245997242
755.0,76.0,10.0,50.454838734123136
597.0,58.0,6.0,35.10918064377254
1306.0,75.0,12.0,59.38517489502793
1258.0,48.0,,42.17983903125162
378.0,68.0,18.0,46.62892845722688
762.0,47.0,3.0,
92.0,29.0,18.0,22.69340254856635
3984.0,18.0,11.0,27.57665793099437
1111.0,27.0,7.0,31.505552596542216
429.0,9.0,14.0,12.259569307781858
1452.0,65.0,7.0,50.61914241525149
1300.0,8.0,19.0,34.486373651063076
935.0,21.0,8.0,33.157179851787006
651.0,19.0,8.0,23.17113552409422
1209.0,16.0,18.0,36.02415975400345
550.0,45.0,11.0,34.8292045284989
736.0,19.0,3.0,18.21909916824925
155.0,12.0,6.0,12.688562979415789
529.0,22.0,18.0,24.821039221235274
679.0,31.0,15.0,27.364894767300267
1426.0,16.0,16.0,31.2381829542262
527.0,48.0,8.0,34.08704757334501
1475.0,14.0,6.0,
277.0,3.0,3.0,
167.0,29.0,13.0,25.704768855694986
1065.0,28.0,1.0,22.6843336278653
1078.0,,13.0,26.90145986047335
391.0,28.0,8.0,24.615844155832633
1289.0,44.0,7.0,39.474415461632965
1373.0,22.0,7.0,31.9219918041296
1228.0,23.0,6.0,25.434623019609727
1151.0,76.0,16.0,54.99842866387022
1135.0,16.0,7.0,27.987407670713335
1053.0,37.0,11.0,38.8369028824793
778.0,53.0,5.0,35.91256474201768
1083.0,64.0,5.0,45.19888294303646
1355.0,47.0,1.0,43.63088574005592
809.0,19.0,,27.389044355196315
629.0,16.0,7.0,19.334479394115384
1254.0,8.0,10.0,21.35921601953359
486.0,15.0,11.0,18.02991554406866
896.0,43.0,18.0,42.090820240446625
1256.0,4.0,5.0,21.67283089165344
939.0,77.0,12.0,52.09324973113381
339.0,60.0,7.0,35.825075811262806
153.0,61.0,4.0,33.41583038332883
404.0,68.0,4.0,33.47860425785093
164.0,59.0,15.0,36.84928295323484
512.0,44.0,14.0,29.203500264314037
1433.0,38.0,16.0,43.89797899453769
667.0,2.0,3.0,10.310554490229148
1253.0,27.0,6.0,32.99117234341305
622.0,66.0,8.0,44.980153701915754
85.0,73.0,13.0,44.29800771034693
463.0,49.0,16.0,36.98096316613414
303.0,39.0,5.0,25.32583458714487
1321.0,60.0,16.0,52.25997345251307
876.0,24.0,17.0,31.372813074069313
367.0,70.0,2.0,
199.0,42.0,2.0,26.907690559947593
1009.0,36.0,,37.01557129352374
1364.0,47.0,13.0,43.75913517265532
639.0,,14.0,36.456086549027
1252.0,76.0,2.0,49.39063831736728
251.0,6.0,8.0,11.272895584795414
645.0,68.0,5.0,44.7975541811026
195.0,42.0,9.0,28.3473175752344
186.0,26.0,6.0,17.242151299201986
1384.0,71.0,5.0,55.15587426238346
817.0,34.0,7.0,21.036049583662052
372.0,,10.0,15.954201042764378
,8.0,12.0,21.181565896715004
1341.0,59.0,16.0,53.420038045695286
1128.0,10.0,8.0,24.987290745386247
391.0,2.0,14.0,14.686188367661142
1174.0,44.0,3.0,37.55323873272345
760.0,76.0,6.0,45.19964569979682
1286.0,34.0,3.0,35.88386588121067
148.0,4.0,1.0,13.740671216644788
941.0,57.0,8.0,38.84880766122119
1211.0,66.0,7.0,45.36689027259811
1398.0,64.0,6.0,45.69750975178229
497.0,34.0,18.0,29.949616581882506
1428.0,15.0,9.0,28.507056790676803
626.0,59.0,15.0,40.061953832051735
515.0,29.0,16.0,30.300590388603247
527.0,32.0,,26.49473442062074
1092.0,65.0,17.0,50.8643156885286
774.0,68.0,17.0,44.227349190680414
734.0,74.0,5.0,46.770198096797984
187.0,5.0,2.0,4.6363263150726866
1227.0,19.0,5.0,26.001768115336365
97.0,42.0,10.0,28.236656197326376
1239.0,35.0,16.0,42.16450574779417
349.0,43.0,5.0,72.87968504461094
412.0,7.0,2.0,10.131207690514255
691.0,45.0,6.0,
208.0,63.0,10.0,39.53770048753024
445.0,56.0,5.0,28.695634458231723
847.0,15.0,16.0,32.57949527863789
787.0,55.0,18.0,42.47525990960809
598.0,12.0,8.0,
242.0,3.0,5.0,3.4677939553390758
273.0,52.0,14.0,31.709959802530072
1304.0,26.0,8.0,29.971429520907304
156.0,5.0,2.0,8.511970380996992
1094.0,14.0,8.0,21.19392253354401
576.0,63.0,5.0,40.53927831359414
552.0,40.0,16.0,35.15065548667825
712.0,10.0,6.0,20.23091957342467
690.0,6.0,15.0,14.594467801054869
393.0,12.0,17.0,25.070562455038797
1220.0,78.0,11.0,48.976490027078086
917.0,23.0,17.0,28.44933816006624
1027.0,34.0,16.0,37.93330566059591
1291.0,14.0,14.0,32.60094701513521
610.0,48.0,7.0,32.993816388851535
349.0,68.0,5.0,39.4792386913275
517.0,15.0,19.0,20.984743604286574
275.0,51.0,13.0,34.775184304003545
1184.0,67.0,5.0,43.28231604729481
787.0,43.0,,41.22304098052248
743.0,75.0,5.0,52.16348464855062
391.0,74.0,10.0,42.88347102536346
678.0,25.0,2.0,20.382347249424587
374.0,38.0,6.0,27.597314184704253
88.0,53.0,18.0,35.91349034789214
495.0,58.0,7.0,36.21111539930963
,40.0,3.0,39.79452465616271
1274.0,32.0,4.0,35.656810643263405
466.0,16.0,11.0,17.245811588055467
952.0,69.0,12.0,46.55152093928192
1173.0,68.0,13.0,49.91781522618042
387.0,37.0,3.0,20.597639349273972
1469.0,45.0,4.0,41.544344998023945
5112.0,48.0,18.0,52.363679974451884
171.0,10.0,12.0,13.137671387236828
441.0,,7.0,36.70105365246495
1474.0,44.0,5.0,43.90711042702688
709.0,50.0,16.0,40.639795765312996
837.0,36.0,10.0,
1003.0,43.0,11.0,38.02590014190991
479.0,27.0,8.0,20.395246642168264
855.0,6.0,2.0,11.733375479345185
82.0,20.0,17.0,21.80664440605413
,63.0,5.0,32.78086513622571
339.0,,15.0,18.282237663925304
150.0,23.0,19.0,21.513055374910543
212.0,30.0,18.0,26.15459716498971
453.0,52.0,5.0,36.07536057833903
85.0,70.0,2.0,36.33872510912086
540.0,56.0,16.0,33.609691158378
771.0,7.0,19.0,24.140435710813613
1271.0,31.0,8.0,34.18012989139013
344.0,63.0,10.0,38.23292236677734
849.0,51.0,11.0,41.3720691261105
578.0,36.0,1.0,30.062591173632967
612.0,54.0,4.0,36.585186957369736
309.0,52.0,18.0,34.81305452948705
865.0,35.0,9.0,35.5483837983537
222.0,77.0,11.0,39.079828112706046
102.0,76.0,3.0,40.24931571284878
965.0,53.0,6.0,43.89531969148369
599.0,65.0,8.0,37.29783624815106
400.0,38.0,11.0,27.113238185169877
1110.0,52.0,1.0,37.463310378024445
407.0,59.0,7.0,38.601563441894484
876.0,36.0,2.0,27.294662328977083
1298.0,2.0,8.0,19.869827078200675
542.0,66.0,4.0,41.36961671603528
195.0,6.0,15.0,16.215192875681538
1037.0,29.0,9.0,33.79505126689279
1298.0,48.0,8.0,43.039124135822625
1067.0,60.0,18.0,51.374027597125036
1000.0,6.0,16.0,23.23876051652225
179.0,34.0,,28.756620716765187
716.0,12.0,7.0,13.914503923847121
1464.0,,8.0,42.543005894275694
166.0,8.0,7.0,10.119062315335233
1300.0,6.0,3.0,22.44333486312958
700.0,9.0,1.0,14.93318868074387
1078.0,75.0,15.0,56.096074904680755
1048.0,26.0,13.0,22.789777594276448
867.0,38.0,3.0,31.948029918224773
233.0,15.0,2.0,12.918855860496372
832.0,25.0,14.0,28.87743343122383
111.0,50.0,4.0,30.710587163138428
1077.0,20.0,15.0,36.9399846083963
836.0,50.0,2.0,42.27172721172733
742.0,54.0,2.0,42.67028420682261
132.0,31.0,4.0,14.990666123616785
142.0,29.0,18.0,53.471534371508156
,58.0,16.0,36.18194056305738
1033.0,45.0,9.0,42.663233666694666
570.0,27.0,18.0,26.300551271026663
983.0,21.0,3.0,24.03769465498994
,69.0,7.0,41.34724195706538
534.0,26.0,4.0,22.761896792222938
364.0,48.0,8.0,36.7752704290171
788.0,72.0,8.0,47.92708700479085
949.0,66.0,13.0,51.02203019323581
433.0,32.0,19.0,36.79830764366137
1054.0,11.0,11.0,25.098011565179263
1325.0,61.0,5.0,45.56073664894683
226.0,60.0,13.0,33.94736164966306
542.0,48.0,11.0,39.64203424907098
846.0,26.0,14.0,
749.0,49.0,18.0,38.700751876399195
199.0,73.0,2.0,36.51172457033287
1196.0,,,33.33312545234404
996.0,18.0,11.0,28.32826169068649
956.0,14.0,8.0,18.512664541193594
1492.0,7.0,13.0,26.713185887169743
182.0,27.0,8.0,18.28671105852296
509.0,53.0,18.0,39.285478552258795
924.0,33.0,6.0,
621.0,11.0,16.0,16.487486068534682
5608.0,11.0,15.0,35.32512955024063
,25.0,5.0,29.372214592999395
1014.0,24.0,18.0,32.245719088122755
1436.0,22.0,19.0,36.63586607938887
367.0,13.0,10.0,19.666171695177592
234.0,53.0,19.0,36.176476927326725
1032.0,12.0,10.0,23.977522838544843
484.0,10.0,13.0,
428.0,53.0,7.0,35.34316018143164
974.0,45.0,3.0,36.71587535932907
1379.0,54.0,16.0,54.87605846688801
1464.0,34.0,8.0,39.700445770637266
963.0,70.0,10.0,50.851035829653036
321.0,5.0,17.0,15.848606613466758
261.0,7.0,1.0,6.761444976198328
1349.0,62.0,18.0,56.63387536159295
1309.0,23.0,19.0,33.66397839420133
,52.0,7.0,34.86097230468816
891.0,50.0,12.0,39.77738035112078
197.0,52.0,11.0,32.10242156688252
1446.0,74.0,15.0,64.27311580892942
939.0,30.0,,32.254673908073244
1120.0,51.0,10.0,40.695606399420015
609.0,37.0,18.0,32.80565363062629
845.0,11.0,18.0,24.42366389033793
947.0,47.0,3.0,33.693772687761644
800.0,77.0,2.0,49.335708142550565
1362.0,20.0,10.0,27.367601926252792
1479.0,5.0,15.0,25.333445509888914
1470.0,35.0,6.0,35.825204799495204
310.0,79.0,18.0,46.36181225696438
1454.0,42.0,17.0,42.855740756712756
1381.0,8.0,9.0,20.841177360769816
811.0,43.0,2.0,35.013876512382886
818.0,74.0,10.0,48.51226412020212
1102.0,64.0,12.0,48.160540270914815
1362.0,25.0,4.0,26.374520180849963
1211.0,30.0,1.0,29.321602276587868
1058.0,74.0,17.0,58.154625949423206
466.0,65.0,2.0,40.554686029299035
1214.0,52.0,17.0,40.83812575229662
541.0,48.0,3.0,31.810494680174198
1385.0,60.0,7.0,49.18969360560526
881.0,61.0,2.0,35.59147370437896
991.0,68.0,11.0,55.091243276101544
980.0,56.0,5.0,44.39217470919835
580.0,73.0,9.0,48.635413859816275
1158.0,,7.0,35.06640341971671
214.0,6.0,11.0,6.68882367465096
1091.0,20.0,8.0,36.208624548811414
1489.0,8.0,13.0,
1462.0,4.0,16.0,27.10374730462277
869.0,71.0,3.0,43.3278632501341
867.0,13.0,19.0,25.295105454180838
322.0,69.0,6.0,37.11517006876834
1136.0,59.0,6.0,46.66843724115796
556.0,14.0,13.0,22.54503105533769
735.0,3.0,4.0,15.339057725191951
1236.0,49.0,12.0,
1424.0,33.0,8.0,35.27092538425337
83.0,39.0,11.0,23.79871461558346
937.0,21.0,15.0,31.683131092402878
322.0,57.0,15.0,40.45669429727086
605.0,27.0,,22.61341787213222
1016.0,14.0,15.0,32.931846746323316
838.0,77.0,18.0,50.27597966829572
225.0,32.0,19.0,23.753918514541112
447.0,61.0,10.0,
1119.0,75.0,9.0,53.34563455747217
328.0,23.0,19.0,20.344482261642334
884.0,33.0,17.0,33.34348583802264
493.0,20.0,5.0,26.411705071079744
1447.0,49.0,11.0,43.59251909669074
1441.0,63.0,9.0,49.02219916073752
167.0,63.0,14.0,36.5824522281592
1198.0,41.0,15.0,44.253843739855995
1072.0,71.0,,132.70625601480268
1243.0,74.0,18.0,58.26725218208064
113.0,32.0,9.0,23.43166168998861
288.0,65.0,4.0,36.044490859349935
896.0,57.0,3.0,43.404238074182615
257.0,49.0,5.0,26.919247583651796
1149.0,2.0,11.0,21.466746629582897
485.0,13.0,11.0,15.872338908106077
875.0,73.0,5.0,49.43618573118197
271.0,63.0,18.0,42.30762734978806
1373.0,70.0,16.0,54.16841499180546
741.0,40.0,19.0,
951.0,19.0,12.0,28.39597828908984
574.0,74.0,8.0,47.35750255325756
120.0,69.0,6.0,
565.0,63.0,4.0,44.21797320547828
1102.0,56.0,14.0,46.1235099945501
960.0,,16.0,44.68209342996552
143.0,15.0,9.0,18.84462039643641
773.0,31.0,4.0,31.471934057391945
1323.0,2.0,6.0,30.812775022854808
1291.0,7.0,10.0,26.190575244403323
1164.0,58.0,9.0,44.99215341504454
1107.0,58.0,13.0,46.12535803828912
1194.0,51.0,8.0,42.93123172149432
394.0,58.0,12.0,35.66319926762904
507.0,54.0,13.0,34.44570350638996
188.0,13.0,7.0,14.584078015001435
5508.0,19.0,8.0,33.5296179374654
797.0,50.0,,32.146128770038366
882.0,43.0,7.0,33.28003717745959
100.0,67.0,12.0,40.385207881591626
188.0,65.0,11.0,41.55978672350412
494.0,31.0,3.0,26.877747363998402
120.0,25.0,7.0,24.0491265674534
395.0,6.0,8.0,8.032939027301769
168.0,70.0,19.0,46.20284779870539
812.0,74.0,19.0,50.158427908931905
451.0,4.0,11.0,20.277325628085418
1214.0,,12.0,21.779999434362896
554.0,22.0,14.0,33.29001105348294
362.0,,5.0,37.67597410548235
536.0,52.0,15.0,42.82768530172833
887.0,69.0,4.0,43.41020734458433
1405.0,54.0,5.0,45.39781565924447
504.0,25.0,19.0,27.032472836765802
1498.0,63.0,2.0,48.27582177665275
1900.0,73.0,10.0,44.13323661610323
1188.0,4.0,3.0,23.481832994685973
871.0,32.0,18.0,31.311100786393638
1128.0,6.0,5.0,24.951052877615695
226.0,73.0,1.0,41.86616281142565
1013.0,8.0,11.0,18.28364254973514
488.0,57.0,8.0,44.38900853674332
1093.0,31.0,5.0,32.42166613841428
1483.0,79.0,6.0,54.9070424894132
617.0,24.0,7.0,
147.0,8.0,2.0,8.867225651304665
818.0,37.0,5.0,27.126573576411396
798.0,11.0,18.0,18.77945210328682
756.0,,3.0,20.607241870139568
96.0,15.0,4.0,14.532326129107737
193.0,4.0,,18.400443991004238
932.0,79.0,2.0,51.4091501837724
363.0,2.0,17.0,14.923882130396013
1015.0,3.0,19.0,22.719515841294776
637.0,51.0,8.0,40.18744453042108
867.0,23.0,7.0,23.229611897687214
222.0,66.0,11.0,40.897463021514305
1382.0,30.0,4.0,33.83335587175521
817.0,67.0,19.0,50.69786966282635
275.0,43.0,7.0,27.41669705337782
1486.0,8.0,16.0,28.573921410281866
1436.0,64.0,9.0,51.23258391961123
1473.0,49.0,2.0,38.34006375675226
153.0,35.0,12.0,22.327985016723243
1061.0,72.0,4.0,48.84265700457277
1035.0,16.0,8.0,21.072416992589588
1014.0,77.0,14.0,57.62850620008005
151.0,64.0,17.0,37.12275274009456
1490.0,12.0,7.0,26.167270718097633
982.0,56.0,16.0,47.33076639713776
619.0,11.0,5.0,21.504008242534276
257.0,,14.0,27.670825034950163
660.0,65.0,4.0,40.34838740561296
1466.0,64.0,11.0,45.98328940428433
487.0,15.0,3.0,15.686812136701155
121.0,77.0,9.0,46.1574756803007
545.0,25.0,18.0,21.405490714746353
1216.0,43.0,11.0,42.07257491630036
279.0,57.0,7.0,35.28067215848871
527.0,57.0,6.0,39.31273069445585
1028.0,60.0,10.0,53.20405245708283
673.0,22.0,17.0,26.065182331956883
1083.0,22.0,19.0,30.241307817669288
1129.0,59.0,3.0,43.258883903904014
776.0,17.0,9.0,18.612004826377767
343.0,27.0,2.0,15.315240334171175
761.0,70.0,12.0,44.72898393206566
364.0,,8.0,28.230170577463383
489.0,68.0,10.0,39.76819260514418
1253.0,33.0,11.0,40.92931579734718
1306.0,11.0,18.0,29.5767006952745
1110.0,53.0,18.0,48.61173383265324
617.0,70.0,5.0,45.503044755839674
709.0,34.0,9.0,
317.0,55.0,10.0,35.654900292469044
1380.0,77.0,11.0,56.84252417206641
1167.0,48.0,9.0,36.037667770983376
203.0,74.0,15.0,45.88603210922925
701.0,61.0,4.0,34.978865192045
1449.0,69.0,7.0,56.85963682679524
788.0,27.0,4.0,32.75906033033001
1399.0,58.0,2.0,44.31833834451617
1307.0,3.0,,25.01636853661553
1309.0,68.0,1.0,47.67625394615526
1211.0,25.0,11.0,34.055823559928925
674.0,45.0,14.0,32.76306817273173
400.0,23.0,14.0,25.545987037108357
1058.0,7.0,7.0,22.65081320944318
259.0,14.0,14.0,15.942295578517642
544.0,69.0,3.0,44.317791152911205
799.0,21.0,17.0,30.34509434661824
1316.0,12.0,16.0,19.24006081122958
804.0,73.0,9.0,45.817646794110836
1214.0,39.0,4.0,35.56173204529366
1389.0,2.0,3.0,15.22600560560126
1396.0,40.0,9.0,37.344153178560376
803.0,45.0,7.0,33.14597180292483
1010.0,18.0,16.0,29.818757519050905
1013.0,12.0,11.0,23.3933077503142
760.0,78.0,19.0,50.33685692705033
724.0,44.0,9.0,32.80462434093954
321.0,26.0,10.0,22.654144589263336
847.0,47.0,12.0,36.977983867385106
680.0,14.0,15.0,24.725803706336546
114.0,4.0,10.0,15.399727048830549
407.0,36.0,16.0,30.020667167593484
272.0,24.0,13.0,20.11441415817669
297.0,64.0,8.0,37.84576545634996
350.0,45.0,16.0,30.611889793485314
662.0,60.0,1.0,37.734260388652544
958.0,31.0,6.0,28.51920468875439
902.0,5.0,11.0,20.538937470192778
769.0,28.0,17.0,31.174743826472607
738.0,48.0,10.0,37.605048465349455
1192.0,77.0,19.0,59.18369215786901
524.0,3.0,11.0,16.46849818336415
1328.0,79.0,1.0,55.71323820470607
1416.0,54.0,14.0,50.15109347892509
,,19.0,34.60358050198608
1157.0,33.0,,34.120646853214566
726.0,61.0,15.0,101.45126454080012
1466.0,8.0,7.0,22.340979703809133
915.0,24.0,8.0,30.589420899791577
1128.0,66.0,15.0,46.57080419100652
915.0,78.0,18.0,55.47897368006811
127.0,51.0,18.0,38.34079551150524
223.0,,6.0,27.00244198915825
,34.0,14.0,30.49567043579832
1172.0,37.0,11.0,32.783559074763666
555.0,40.0,5.0,31.82829567996699
1091.0,48.0,1.0,39.51897067221349
1217.0,53.0,19.0,48.1591245946044
291.0,9.0,16.0,16.63615923395346
1148.0,38.0,5.0,36.4752102874733
470.0,55.0,19.0,42.67424078951764
1162.0,36.0,6.0,39.56899143164043
386.0,46.0,4.0,28.035164872449332
,16.0,18.0,27.33290271169978
375.0,69.0,17.0,42.316868480247656
1175.0,33.0,,37.32848522059998
1359.0,19.0,18.0,28.657433762214307
427.0,25.0,7.0,19.975187772345453
975.0,13.0,9.0,22.527872880650992
1291.0,49.0,9.0,37.93768948865636
553.0,48.0,10.0,
80.0,57.0,1.0,27.09676794192597
1446.0,37.0,3.0,40.04783198033992
183.0,57.0,15.0,37.47210151491493
862.0,38.0,5.0,27.421104647699796
1451.0,71.0,9.0,53.3147946249078
922.0,68.0,18.0,49.228230391595794
718.0,31.0,12.0,22.848327580335088
871.0,63.0,10.0,48.01973625525129
1280.0,28.0,7.0,34.325802468726245
618.0,42.0,5.0,30.98688865413939
1364.0,15.0,14.0,34.60124630104949
333.0,18.0,16.0,20.26090650031269
251.0,50.0,14.0,31.754269115347906
1220.0,53.0,8.0,48.373317122387284
676.0,7.0,3.0,11.811775603969448
186.0,22.0,6.0,19.25092375210382
1224.0,51.0,2.0,98.77674453485204
1262.0,69.0,18.0,53.350566777129764
671.0,57.0,4.0,35.84863590923754
857.0,59.0,19.0,47.917908633743494
926.0,53.0,1.0,40.0171422782674
1321.0,63.0,12.0,58.15413434191121
941.0,38.0,18.0,37.68126708484198
249.0,68.0,16.0,48.47018874419536
357.0,79.0,8.0,44.627106404639896
168.0,63.0,2.0,33.722537157523675
838.0,64.0,5.0,43.62567869829469
82.0,61.0,10.0,32.69894876076166
1446.0,48.0,12.0,43.85451136650036
,40.0,3.0,30.883948749084645
722.0,58.0,11.0,45.603480079929156
1281.0,67.0,8.0,56.72318417544869
655.0,5.0,15.0,19.424754989465406
466.0,76.0,10.0,50.20718523499299
303.0,54.0,7.0,33.769387517872794
707.0,53.0,17.0,41.24437432222702
717.0,68.0,11.0,54.05226984096222
947.0,71.0,17.0,49.99480099013318
1412.0,4.0,13.0,
589.0,61.0,2.0,37.70980094457384
1288.0,72.0,14.0,62.09836000438535
597.0,17.0,2.0,19.285360767234582
1146.0,69.0,13.0,53.2566295662274
930.0,,2.0,49.169112693733965
795.0,75.0,12.0,50.666392961361005
358.0,20.0,13.0,17.069508407275293
825.0,18.0,13.0,25.19877502382287
1138.0,49.0,17.0,36.907482571191494
1152.0,25.0,7.0,33.53875029201993
1221.0,53.0,4.0,37.507894422926306
780.0,15.0,2.0,22.407099486246516
536.0,7.0,9.0,12.448666094707475
176.0,41.0,13.0,29.784155532204302
1278.0,71.0,6.0,54.04100450667352
1464.0,57.0,7.0,50.36955532621433
771.0,62.0,10.0,42.713887599034805
,29.0,18.0,33.30123511760739
1364.0,19.0,1.0,66.83615874283477
1035.0,12.0,4.0,20.829453553573742
628.0,30.0,6.0,25.10574194819346
959.0,48.0,15.0,
1484.0,21.0,10.0,28.107132637265504
442.0,28.0,1.0,21.91977345213368
178.0,52.0,1.0,29.32640131387597
1812.0,46.0,15.0,35.29486708969204
728.0,10.0,12.0,24.919644872078663
436.0,74.0,2.0,44.20717376648096
1327.0,14.0,19.0,75.72386520982725
1150.0,37.0,13.0,37.85742828469422
1251.0,12.0,7.0,26.089364400902827
477.0,4.0,,19.934829317387695
457.0,2.0,17.0,10.736582052718074
470.0,54.0,8.0,34.75345741941329
187.0,45.0,1.0,27.76643732948012
316.0,75.0,8.0,41.973490315017855
1000.0,53.0,2.0,31.957831161055907
1263.0,10.0,19.0,36.761280274773966
1244.0,36.0,18.0,45.60760507400469
,74.0,8.0,51.41562215652772
704.0,71.0,11.0,50.27778517400908
155.0,3.0,16.0,10.086219898286595
361.0,25.0,8.0,22.170254961705222
165.0,63.0,4.0,40.90850924687883
910.0,47.0,16.0,33.811232462335056
741.0,75.0,9.0,50.37950352245113
1103.0,63.0,15.0,44.59990076156177
660.0,21.0,14.0,25.122102210315628
198.0,51.0,7.0,29.418788607826013
406.0,49.0,10.0,38.25129051672678
281.0,,14.0,12.343500697739724
513.0,12.0,16.0,19.019584191867814
,40.0,16.0,38.63466673647591
499.0,19.0,14.0,
1274.0,37.0,18.0,40.41886025277984
329.0,12.0,14.0,20.00954666275839
1485.0,8.0,4.0,21.007946370476127
1469.0,9.0,17.0,29.604999383157747
138.0,36.0,5.0,22.040775154469554
481.0,20.0,4.0,17.764003679537684
207.0,55.0,15.0,36.746201758638556
395.0,68.0,4.0,40.11305572621608
1047.0,18.0,19.0,33.31042160640899
1080.0,68.0,3.0,45.595966166173596
928.0,28.0,15.0,34.4703956655839
1386.0,32.0,1.0,31.23849739589143
1010.0,71.0,10.0,49.88736633726657
1107.0,78.0,3.0,53.92040263526268
413.0,33.0,,25.055511284352168
1232.0,63.0,3.0,45.35442036274646
565.0,57.0,,42.07472915483435
1294.0,3.0,11.0,22.007291436630098
895.0,7.0,5.0,15.629959519187253
,15.0,12.0,15.4902697084846
1486.0,75.0,5.0,51.14755986614598
897.0,45.0,3.0,32.17714764924531
1446.0,47.0,2.0,39.97059680124347
1095.0,28.0,2.0,30.419205941647146
187.0,29.0,3.0,19.68519350620574
1335.0,,18.0,28.50248074769994
1153.0,12.0,9.0,
3132.0,77.0,12.0,53.333216879754644
111.0,52.0,17.0,36.97264423752625
443.0,61.0,4.0,34.003154763533004
291.0,,12.0,38.64463125094589
1048.0,37.0,1.0,26.925858873562415
106.0,34.0,14.0,24.94436316795311
180.0,66.0,6.0,44.015614262422
594.0,10.0,18.0,20.282618894121654
,20.0,19.0,31.422578568223926
592.0,40.0,11.0,29.192443359208173
1055.0,58.0,12.0,39.40691767136841
721.0,41.0,12.0,36.12918803020524
977.0,77.0,7.0,57.0421805216773
1274.0,22.0,7.0,30.070887340057155
492.0,25.0,9.0,19.806369850165687
1395.0,37.0,5.0,39.35532133647736
190.0,42.0,17.0,29.622899259046427
